id,sales_amt,qty,discount,profit_amt,order_id,order_purchase_date,order_status,order_delivered_customer_date,order_estimated_delivery_date,product_id,colors,category,customer_id,customer_name,vendor_id
2698,261.96,2,0.0,41.9136,CA-2014-145317,2018-07-11 19:46:00,delivered,2018-07-24 14:58,2018-07-27,FUR-BO-10001798,Pink,Furniture,SM-20320,Sean Miller,VEN03
6827,731.94,3,0.0,219.582,CA-2016-118689,2018-05-15 20:24:00,delivered,2018-06-04 14:42,2018-06-18,FUR-CH-10000454,Pink,Furniture,TC-20980,Tamara Chand,VEN01
8154,14.62,2,0.0,6.8714,CA-2017-140151,2018-02-28 13:40:00,delivered,2018-04-03 23:31,2018-03-28,OFF-LA-10000240,Pink,Office Supplies,RB-19360,Raymond Buch,VEN02
2624,957.5775,5,0.45,-383.031,CA-2017-127180,2018-01-07 21:45:00,delivered,2018-01-30 20:51,2018-02-07,FUR-TA-10000577,Blue,Furniture,TA-21385,Tom Ashbrook,VEN01
4191,22.368,2,0.2,2.5164,CA-2017-166709,2018-02-22 00:06:00,delivered,2018-03-08 12:12,2018-03-20,OFF-ST-10000760,Blue,Office Supplies,HL-15040,Hunter Lopez,VEN03
9040,48.86,7,0.0,14.1694,CA-2016-117121,2018-03-23 20:31:00,delivered,2018-04-09 18:58,2018-04-11,FUR-FU-10001487,Blue,Furniture,AB-10105,Adrian Barton,VEN02
4099,7.28,4,0.0,1.9656,CA-2014-116904,2017-10-04 15:11:00,delivered,2017-10-08 15:58,2017-10-23,OFF-AR-10002833,Blue,Office Supplies,SC-20095,Sanjit Chand,VEN04
4278,907.152,6,0.2,90.7152,US-2016-107440,2018-02-18 20:49:00,delivered,2018-03-07 00:53,2018-03-14,TEC-PH-10002275,Blue,Technology,BS-11365,Bill Shonely,VEN04
8489,18.504,3,0.2,5.7825,CA-2016-158841,2018-05-16 10:33:00,delivered,2018-05-21 19:28,2018-05-25,OFF-BI-10003910,Blue,Office Supplies,SE-20110,Sanjit Engle,VEN02
6426,114.9,5,0.0,34.47,CA-2016-143714,2018-04-05 22:48:00,delivered,2018-04-24 22:36,2018-05-02,OFF-AP-10002892,Blue,Office Supplies,CC-12370,Christopher Conant,VEN01
2506,1706.184,9,0.2,85.3092,CA-2014-143917,2017-12-01 12:43:00,delivered,2017-12-15 15:25,2017-12-28,FUR-TA-10001539,Blue,Furniture,KL-16645,Ken Lonsdale,VEN02
166,911.424,4,0.2,68.3568,CA-2014-139892,2018-05-17 16:44:00,delivered,2018-06-04 18:11,2018-06-07,TEC-PH-10002033,Blue,Technology,BM-11140,Becky Martin,VEN05
684,15.552,3,0.2,5.4432,US-2017-168116,2018-06-14 17:20:00,delivered,2018-06-18 21:22,2018-06-28,OFF-PA-10002365,Blue,Office Supplies,GT-14635,Grant Thornton,VEN04
6627,407.976,3,0.2,132.5922,CA-2014-145541,2017-11-27 11:34:00,delivered,2017-12-27 18:25,2017-12-15,OFF-BI-10003656,Blue,Office Supplies,TB-21400,Tom Boeckenhauer,VEN02
510,68.81,5,0.8,-123.858,CA-2015-145352,2017-08-28 14:43:00,delivered,2017-09-01 20:19,2017-09-14,OFF-AP-10002311,Blue,Office Supplies,CM-12385,Christopher Martinez,VEN02
6521,2.544,3,0.8,-3.816,CA-2017-138289,2018-02-22 19:52:00,delivered,2018-03-08 20:14,2018-03-16,OFF-BI-10000756,Blue,Office Supplies,AR-10540,Andy Reiter,VEN05
7667,665.88,6,0.0,13.3176,US-2016-140158,2018-05-19 18:08:00,delivered,2018-05-25 14:26,2018-06-07,OFF-ST-10004186,Blue,Office Supplies,DR-12940,Daniel Raglin,VEN03
6341,55.5,2,0.0,9.99,CA-2017-143112,2018-06-03 23:22:00,delivered,2018-06-11 12:26,2018-07-17,OFF-ST-10000107,Pink,Office Supplies,TS-21370,Todd Sumrall,VEN03
8859,8.56,2,0.0,2.4824,CA-2017-135909,2018-04-08 08:35:00,delivered,2018-04-11 15:17,2018-04-20,OFF-AR-10003056,Pink,Office Supplies,JW-15220,Jane Waco,VEN01
5885,213.48,3,0.2,16.011,CA-2016-136301,2017-01-21 11:43:00,shipped,null,2017-03-08,TEC-PH-10001949,Pink,Technology,EH-13765,Edward Hooks,VEN02
8991,22.72,4,0.2,7.384,US-2015-128587,2018-06-12 13:09:00,delivered,2018-06-22 15:39,2018-07-16,OFF-BI-10002215,Pink,Office Supplies,HM-14860,Harry Marie,VEN05
1086,19.46,7,0.0,5.0596,US-2016-143819,2018-02-26 15:21:00,delivered,2018-03-05 21:26,2018-03-16,OFF-AR-10000246,Blue,Office Supplies,KD-16270,Karen Daniels,VEN03
4219,60.34,7,0.0,15.6884,CA-2017-149881,2017-06-30 13:36:00,delivered,2017-07-13 20:22,2017-07-24,OFF-AP-10001492,Blue,Office Supplies,NC-18535,Nick Crebassa,VEN02
1804,71.372,2,0.3,-1.0196,CA-2017-158379,2018-04-09 13:36:00,delivered,2018-05-03 15:37,2018-05-04,FUR-CH-10002774,Pink,Furniture,JA-15970,Joseph Airdo,VEN03
8205,1044.63,3,0.0,240.2649,CA-2015-114811,2018-01-04 18:10:00,delivered,2018-01-09 22:44,2018-01-22,FUR-TA-10000577,Blue,Furniture,KD-16495,Keith Dawkins,VEN02
2493,11.648,2,0.2,4.2224,CA-2014-144624,2018-08-21 17:44:00,delivered,2018-08-29 16:54,2018-08-30,OFF-BI-10001634,Blue,Office Supplies,JM-15865,John Murray,VEN05
7819,90.57,3,0.0,11.7741,CA-2016-138478,2017-01-16 13:17:00,delivered,2017-01-25 11:00,2017-03-09,TEC-AC-10003027,Pink,Technology,DP-13390,Dennis Pardue,VEN03
7773,3083.43,7,0.5,-1665.0522,CA-2016-108196,2017-05-18 17:25:00,delivered,2017-05-29 04:44,2017-06-16,FUR-BO-10004834,Pink,Furniture,CS-12505,Cindy Stewart,VEN05
9166,9.618,2,0.7,-7.0532,CA-2016-100300,2018-04-24 23:12:00,delivered,2018-05-10 00:37,2018-05-21,OFF-BI-10000474,Blue,Office Supplies,MJ-17740,Max Jones,VEN05
7244,124.2,3,0.2,15.525,CA-2017-118892,2018-07-03 10:30:00,delivered,2018-07-04 22:42,2018-07-16,FUR-FU-10004848,Blue,Furniture,TP-21415,Tom Prescott,VEN02
9742,3.264,2,0.2,1.1016,CA-2015-117086,2018-03-28 16:16:00,delivered,2018-04-03 15:04,2018-04-10,OFF-EN-10001509,Blue,Office Supplies,QJ-19255,Quincy Jones,VEN02
4298,86.304,6,0.2,9.7092,CA-2017-129021,2017-12-05 09:18:00,delivered,2017-12-15 17:11,2018-01-04,OFF-AR-10004042,Blue,Office Supplies,PO-18850,Patrick O'Brill,VEN01
354,6.858,6,0.7,-5.715,CA-2016-129714,2018-08-07 08:08:00,delivered,2018-08-13 17:36,2018-08-24,OFF-BI-10001525,Blue,Office Supplies,AB-10060,Adam Bellavance,VEN04
9271,15.76,2,0.2,3.546,US-2017-102183,2017-11-28 00:37:00,delivered,2017-12-06 17:57,2017-12-18,OFF-AR-10001683,Blue,Office Supplies,PK-19075,Pete Kriz,VEN01
9640,29.472,3,0.2,9.9468,CA-2015-116638,2017-07-17 16:18:00,delivered,2017-07-31 21:10,2017-08-11,OFF-PA-10000249,Blue,Office Supplies,JH-15985,Joseph Holt,VEN02
5918,1097.544,7,0.2,123.4737,US-2015-126977,2018-06-16 18:31:00,delivered,2018-06-21 17:48,2018-06-29,TEC-PH-10004977,Pink,Technology,PF-19120,Peter Fuller,VEN03
3281,190.92,5,0.6,-147.963,CA-2014-102988,2017-07-18 15:49:00,delivered,2017-08-03 20:03,2017-08-11,FUR-FU-10003664,Black,Furniture,GM-14695,Greg Maxwell,VEN05
6621,113.328,9,0.2,35.415,US-2017-167402,2017-11-12 21:43:00,delivered,2017-11-28 17:21,2017-11-27,OFF-EN-10002986,Black,Office Supplies,CP-12085,Cathy Prescott,VEN02
6015,532.3992,3,0.32,-46.9764,CA-2016-159016,2017-07-28 11:25:00,delivered,2017-08-07 20:41,2017-08-17,FUR-BO-10002545,Blue,Furniture,KF-16285,Karen Ferguson,VEN03
6536,212.058,3,0.3,-15.147,CA-2014-128209,2018-06-30 12:14:00,delivered,2018-07-11 14:52,2018-08-01,FUR-CH-10004218,Blue,Furniture,GT-14710,Greg Tran,VEN02
2183,371.168,4,0.2,41.7564,CA-2016-128818,2018-06-27 10:16:00,delivered,2018-06-28 17:51,2018-07-12,TEC-PH-10000486,Blue,Technology,CJ-12010,Caroline Jumper,VEN04
319,147.168,4,0.2,16.5564,CA-2014-164973,2017-03-01 22:03:00,delivered,2017-03-13 11:52,2017-04-05,TEC-PH-10004093,Blue,Technology,NM-18445,Nathan Mautz,VEN02
5199,77.88,2,0.0,3.894,CA-2016-103982,2017-06-22 15:53:00,delivered,2017-06-27 12:32,2017-07-05,OFF-ST-10003479,Blue,Office Supplies,AA-10315,Alex Avila,VEN02
7684,95.616,2,0.2,9.5616,CA-2015-120782,2017-07-24 16:14:00,delivered,2017-08-01 16:38,2017-08-15,OFF-ST-10003282,Blue,Office Supplies,SD-20485,Shirley Daniels,VEN04
9426,45.98,2,0.0,19.7714,CA-2014-116246,2017-03-14 14:29:00,delivered,2017-03-24 08:37,2017-04-06,TEC-AC-10000171,Blue,Technology,LW-17215,Luke Weiss,VEN03
1247,17.46,2,0.0,8.2062,CA-2014-168494,2018-03-09 20:07:00,delivered,2018-03-16 00:32,2018-03-21,OFF-BI-10003291,Black,Office Supplies,NP-18700,Nora Preis,VEN01
5171,211.96,4,0.0,8.4784,CA-2016-122903,2017-11-11 17:38:00,delivered,2017-12-12 02:14,2017-12-18,OFF-ST-10001713,Black,Office Supplies,LA-16780,Laura Armstrong,VEN03
7584,45.0,3,0.0,4.95,CA-2014-163223,2017-07-05 13:40:00,delivered,2017-07-17 19:23,2017-07-27,TEC-AC-10002167,Pink,Technology,KH-16690,Kristen Hastings,VEN04
9650,21.8,2,0.0,6.104,CA-2016-107104,2018-01-22 10:10:00,delivered,2018-02-14 22:51,2018-02-15,TEC-PH-10003988,Blue,Technology,MS-17365,Maribeth Schnelling,VEN01
7915,38.22,6,0.0,17.9634,CA-2017-165323,2017-04-11 16:21:00,delivered,2017-05-06 10:37,2017-05-11,OFF-BI-10004410,Blue,Office Supplies,SR-20740,Steven Roelle,VEN04
9858,75.18,6,0.0,35.3346,CA-2015-164301,2018-08-04 16:19:00,delivered,2018-08-11 15:38,2018-08-22,OFF-LA-10002762,Blue,Office Supplies,EB-13840,Ellis Ballard,VEN01
3274,6.16,2,0.0,2.9568,CA-2017-133865,2017-08-11 17:40:00,shipped,null,2017-09-13,FUR-FU-10001706,Blue,Furniture,PS-19045,Penelope Sewall,VEN01
8101,89.99,1,0.0,17.0981,CA-2016-169663,2018-06-15 13:08:00,delivered,2018-06-21 20:05,2018-07-05,FUR-CH-10003061,Blue,Furniture,RH-19510,Rick Huthwaite,VEN04
252,15.26,7,0.0,6.2566,CA-2016-145625,2018-03-27 22:07:00,delivered,2018-04-06 18:43,2018-04-13,OFF-FA-10000304,Blue,Office Supplies,KC-16540,Kelly Collister,VEN01
6818,1029.95,5,0.0,298.6855,CA-2014-144414,2018-02-21 14:37:00,delivered,2018-02-28 18:39,2018-03-07,TEC-PH-10002447,Blue,Technology,GH-14425,Gary Hwang,VEN04
1645,208.56,6,0.0,52.14,CA-2015-111829,2017-10-31 14:30:00,delivered,2017-11-16 22:36,2017-11-24,OFF-ST-10000604,Blue,Office Supplies,FH-14365,Fred Hopkins,VEN04
28,32.4,5,0.0,15.552,US-2015-150630,2018-08-05 19:41:00,delivered,2018-08-09 21:36,2018-08-22,OFF-PA-10001569,Black,Office Supplies,TB-21520,Tracy Blumstein,VEN02
4094,319.41,5,0.1,7.098,CA-2015-102491,2017-02-04 14:16:00,delivered,2017-03-02 10:27,2017-03-03,FUR-CH-10003968,Black,Furniture,KW-16435,Katrina Willman,VEN02
263,14.56,2,0.0,6.9888,US-2014-106992,2017-08-05 11:51:00,delivered,2017-08-11 21:33,2017-08-23,OFF-PA-10000587,Black,Office Supplies,SB-20290,Sean Braxton,VEN04
978,30.0,2,0.0,3.3,CA-2017-159366,2018-05-04 10:55:00,delivered,2018-05-11 17:47,2018-05-30,TEC-AC-10002167,Pink,Technology,BW-11110,Bart Watters,VEN04
8750,48.48,4,0.2,16.362,US-2015-163825,2017-11-24 18:09:00,delivered,2017-12-20 22:24,2017-12-22,OFF-BI-10001460,Black,Office Supplies,LC-16885,Lena Creighton,VEN05
1455,1.68,1,0.0,0.84,CA-2016-133711,2017-08-27 18:35:00,delivered,2017-09-06 19:29,2017-09-15,OFF-AR-10001868,Black,Office Supplies,MC-17425,Mark Cousins,VEN01
9661,13.98,2,0.0,6.1512,CA-2016-160717,2018-01-29 13:52:00,delivered,2018-02-08 17:34,2018-02-14,TEC-AC-10004633,Black,Technology,ME-17320,Maria Etezadi,VEN01
5563,25.824,6,0.2,9.3612,CA-2017-133263,2017-07-08 14:17:00,delivered,2017-07-14 17:42,2017-07-28,OFF-BI-10001078,Black,Office Supplies,JE-15610,Jim Epp,VEN03
516,146.73,3,0.0,68.9631,CA-2017-127432,2018-08-15 08:53:00,delivered,2018-08-24 17:31,2018-08-30,OFF-PA-10003892,Blue,Office Supplies,AD-10180,Alan Dominguez,VEN05
8103,79.76,4,0.0,22.3328,CA-2015-149846,2017-07-04 10:50:00,shipped,null,2017-08-03,FUR-FU-10000397,Blue,Furniture,SB-20185,Sarah Brown,VEN01
8313,213.115,5,0.3,-15.2225,US-2017-105935,2017-05-16 10:55:00,delivered,2017-06-02 14:54,2017-06-07,FUR-CH-10001146,Blue,Furniture,BD-11500,Bradley Drucker,VEN03
3071,1113.024,8,0.2,111.3024,CA-2014-119375,2017-12-18 15:48:00,delivered,2018-01-03 20:58,2018-01-12,OFF-AR-10002671,Blue,Office Supplies,YC-21895,Yoseph Carroll,VEN03
6100,167.968,4,0.2,62.988,CA-2017-100111,2017-06-20 10:42:00,delivered,2017-06-28 19:12,2017-07-03,TEC-PH-10002726,Blue,Technology,SV-20365,Seth Vernon,VEN05
6869,75.88,2,0.0,35.6636,US-2016-126452,2018-02-21 21:33:00,delivered,2018-04-09 20:04,2018-03-16,OFF-PA-10000482,Blue,Office Supplies,SC-20230,Scot Coram,VEN01
4620,4.616,1,0.2,1.731,CA-2017-145219,2018-03-07 22:37:00,delivered,2018-03-13 19:22,2018-04-05,OFF-BI-10004654,Blue,Office Supplies,RM-19675,Robert Marley,VEN02
1792,19.05,3,0.0,8.763,CA-2014-120474,2018-05-12 13:38:00,delivered,2018-05-23 17:32,2018-06-06,OFF-PA-10004675,Black,Office Supplies,RP-19390,Resi Pölking,VEN05
8237,831.936,8,0.2,-114.3912,CA-2017-102204,2018-03-16 19:36:00,delivered,2018-03-27 06:36,2018-04-04,FUR-CH-10000513,Blue,Furniture,CJ-12010,Caroline Jumper,VEN02
9413,97.04,2,0.2,1.213,CA-2015-164777,2017-08-11 09:26:00,delivered,2017-09-04 16:34,2017-09-11,FUR-FU-10003708,Pink,Furniture,SC-20305,Sean Christensen,VEN04
3056,72.784,1,0.2,-18.196,US-2015-100377,2018-02-05 16:42:00,delivered,2018-02-21 20:17,2018-03-01,OFF-ST-10004123,Blue,Office Supplies,TS-21370,Todd Sumrall,VEN02
3984,1.248,3,0.8,-1.9344,CA-2016-135265,2018-04-15 09:48:00,delivered,2018-05-11 16:48,2018-05-15,OFF-BI-10004182,Blue,Office Supplies,CC-12370,Christopher Conant,VEN05
9930,9.708,3,0.6,-5.8248,CA-2016-129630,2017-03-27 22:20:00,delivered,2017-05-09 08:16,2017-04-25,FUR-FU-10000260,Blue,Furniture,IM-15055,Ionia McGrath,VEN04
5127,27.24,3,0.2,2.724,CA-2014-160766,2017-11-26 08:10:00,delivered,2017-12-10 11:23,2017-12-15,OFF-ST-10000615,Black,Office Supplies,DM-13015,Darrin Martin,VEN02
5711,19.3,5,0.6,-14.475,US-2015-160857,2018-05-11 11:08:00,delivered,2018-05-19 01:18,2018-05-25,FUR-FU-10003194,Black,Furniture,NW-18400,Natalie Webber,VEN01
6210,208.16,1,0.0,56.2032,CA-2017-119809,2018-08-19 21:37:00,delivered,2018-08-28 00:29,2018-09-06,OFF-AP-10002118,Black,Office Supplies,YS-21880,Yana Sorensen,VEN02
488,16.74,3,0.0,8.0352,CA-2014-154627,2017-09-20 21:08:00,delivered,2017-10-03 19:58,2017-10-18,OFF-BI-10002309,Pink,Office Supplies,SA-20830,Sue Ann Reed,VEN03
995,14.9,5,0.0,4.172,CA-2014-117639,2018-06-20 22:51:00,delivered,2018-06-29 18:08,2018-07-16,OFF-AR-10002053,Black,Office Supplies,MW-18235,Mitch Willingham,VEN05
2849,21.39,1,0.0,6.2031,CA-2017-157854,2017-04-03 22:08:00,processing,null,2017-05-09,OFF-ST-10002370,Black,Office Supplies,DM-13345,Denise Monton,VEN05
8469,200.984,7,0.2,62.8075,US-2016-164196,2017-09-23 14:56:00,delivered,2017-10-18 22:35,2017-10-23,OFF-EN-10000927,Blue,Office Supplies,AS-10285,Alejandro Savely,VEN04
8893,230.376,3,0.2,-48.9549,CA-2015-111038,2017-12-20 19:27:00,delivered,2017-12-28 19:49,2018-01-17,OFF-ST-10003656,Blue,Office Supplies,LC-16960,Lindsay Castell,VEN01
2568,301.96,2,0.0,33.2156,CA-2017-123967,2018-05-11 11:52:00,delivered,2018-05-18 20:17,2018-06-01,FUR-CH-10000863,Blue,Furniture,SF-20200,Sarah Foster,VEN01
7580,19.99,1,0.0,6.7966,CA-2015-123113,2018-03-23 11:39:00,delivered,2018-04-17 22:57,2018-04-30,TEC-AC-10001998,Black,Technology,AT-10735,Annie Thurman,VEN04
4129,6.16,2,0.0,2.9568,CA-2014-127299,2018-04-16 09:45:00,delivered,2018-04-25 13:56,2018-05-10,OFF-LA-10000134,Pink,Office Supplies,JL-15835,John Lee,VEN05
9057,158.368,7,0.2,13.8572,CA-2015-160227,2018-08-30 13:07:00,canceled,null,null,OFF-ST-10003442,Blue,Office Supplies,ED-13885,Emily Ducich,VEN01
3987,20.1,3,0.0,6.633,CA-2017-112333,2017-11-16 22:44:00,delivered,2017-11-23 20:38,2017-12-05,OFF-AR-10004930,Blue,Office Supplies,KF-16285,Karen Ferguson,VEN01
1806,73.584,2,0.2,8.2782,US-2016-116729,2018-06-21 10:44:00,delivered,2018-06-26 22:12,2018-07-20,TEC-PH-10004093,Blue,Technology,GK-14620,Grace Kelly,VEN01
7475,6.48,1,0.0,3.1104,CA-2014-167199,2017-07-31 20:47:00,delivered,2017-08-04 21:04,2017-08-25,OFF-PA-10000304,Pink,Office Supplies,ME-17320,Maria Etezadi,VEN03
6885,12.96,2,0.0,6.2208,CA-2015-120677,2018-03-17 18:26:00,delivered,2018-04-04 22:40,2018-04-05,OFF-PA-10003177,Blue,Office Supplies,BD-11320,Bill Donatelli,VEN01
8272,53.34,3,0.0,16.5354,CA-2016-169670,2018-04-09 15:04:00,delivered,2018-04-19 00:52,2018-04-25,FUR-FU-10003799,Blue,Furniture,JE-15715,Joe Elijah,VEN02
3012,32.96,2,0.0,16.1504,CA-2017-134845,2018-01-07 10:16:00,delivered,2018-01-13 01:03,2018-02-05,OFF-BI-10002852,Blue,Office Supplies,SR-20425,Sharelle Roach,VEN03
6011,5.682,1,0.7,-3.788,CA-2015-135580,2017-12-08 22:29:00,delivered,2017-12-22 21:08,2018-01-10,OFF-BI-10004738,Pink,Office Supplies,CL-12565,Clay Ludtke,VEN02
7281,96.53,7,0.0,40.5426,CA-2015-162782,2017-05-29 13:57:00,delivered,2017-06-07 14:15,2017-06-21,FUR-FU-10000629,Pink,Furniture,PW-19240,Pierre Wener,VEN05
264,51.312,3,0.2,17.9592,US-2014-106992,2017-08-05 11:51:00,delivered,2017-08-11 21:33,2017-08-23,OFF-BI-10001721,Pink,Office Supplies,SB-20290,Sean Braxton,VEN04
7938,77.88,6,0.0,22.5852,CA-2017-166093,2018-02-24 12:43:00,delivered,2018-03-08 21:18,2018-03-16,OFF-AP-10000358,Blue,Office Supplies,RW-19540,Rick Wilson,VEN02
3444,64.624,7,0.2,22.6184,CA-2017-168858,2018-01-14 16:43:00,delivered,2018-01-30 00:35,2018-02-09,OFF-PA-10003256,Pink,Office Supplies,JD-16150,Justin Deggeller,VEN01
3444,64.624,7,0.2,22.6184,CA-2017-168858,2018-01-14 16:43:00,delivered,2018-01-30 00:35,2018-02-09,OFF-PA-10003256,Pink,Office Supplies,JD-16150,Justin Deggeller,VEN01
5531,95.976,3,0.2,-10.7973,CA-2017-160885,2017-05-04 09:02:00,delivered,2017-05-09 15:34,2017-05-25,TEC-AC-10001767,Black,Technology,JK-16090,Juliana Krohn,VEN01
1439,1.788,3,0.8,-3.0396,CA-2015-139731,2017-10-19 12:31:00,delivered,2017-10-23 15:28,2017-10-31,OFF-BI-10002609,Blue,Office Supplies,JE-15745,Joel Eaton,VEN02
3581,23.92,4,0.0,11.7208,CA-2016-104157,2017-07-19 20:24:00,delivered,2017-07-27 17:46,2017-08-01,OFF-PA-10004040,Blue,Office Supplies,MT-17815,Meg Tillman,VEN02
9949,238.896,6,0.2,-26.8758,CA-2017-121559,2017-08-01 18:44:00,delivered,2017-08-08 20:33,2017-08-21,TEC-AC-10001552,Blue,Technology,HW-14935,Helen Wasserman,VEN03
4866,102.36,3,0.2,-3.8385,CA-2017-122490,2018-02-11 20:04:00,delivered,2018-02-19 20:58,2018-03-09,FUR-FU-10004006,Blue,Furniture,TT-21070,Ted Trevino,VEN02
6902,36.882,3,0.7,-25.8174,US-2017-135013,2017-07-29 17:28:00,delivered,2017-08-24 18:58,2017-09-01,OFF-BI-10002794,Pink,Office Supplies,HR-14830,Harold Ryan,VEN03
7174,74.112,8,0.2,17.6016,US-2017-141677,2018-08-17 10:32:00,delivered,2018-08-25 16:18,2018-09-04,TEC-AC-10003499,Blue,Technology,HK-14890,Heather Kirkland,VEN04
2625,27.992,1,0.2,2.0994,CA-2017-127180,2018-01-07 21:45:00,delivered,2018-01-30 20:51,2018-02-07,TEC-PH-10002844,Blue,Technology,TA-21385,Tom Ashbrook,VEN01
2419,3.304,1,0.2,1.0738,CA-2016-107202,2017-10-29 18:15:00,delivered,2017-11-11 18:58,2017-11-17,OFF-AR-10000390,Blue,Office Supplies,LC-16930,Linda Cazamias,VEN03
400,339.96,5,0.2,67.992,CA-2016-108987,2018-06-28 17:57:00,delivered,2018-07-04 17:12,2018-07-18,TEC-AC-10000844,Blue,Technology,AG-10675,Anna Gayman,VEN01
3570,41.96,2,0.0,10.9096,CA-2017-168109,2017-06-26 18:26:00,delivered,2017-07-06 17:12,2017-07-20,FUR-FU-10001934,Blue,Furniture,JK-15640,Jim Kriz,VEN05
5991,75.96,2,0.0,22.788,US-2017-163300,2017-04-26 13:08:00,delivered,2017-05-11 13:09,2017-05-17,OFF-AR-10000380,Blue,Office Supplies,ES-14020,Erica Smith,VEN03
5627,27.24,6,0.0,13.3476,CA-2014-126683,2018-03-08 20:11:00,delivered,2018-04-16 21:16,2018-03-26,OFF-BI-10003981,Blue,Office Supplies,PP-18955,Paul Prost,VEN04
5007,40.096,14,0.2,14.5348,CA-2015-169796,2017-08-01 10:28:00,delivered,2017-08-14 21:00,2017-09-04,OFF-FA-10000621,Blue,Office Supplies,Dp-13240,Dean percer,VEN04
5321,4.72,2,0.2,1.652,US-2017-162558,2018-05-18 13:22:00,delivered,2018-06-05 17:41,2018-06-07,OFF-EN-10002600,Blue,Office Supplies,Dp-13240,Dean percer,VEN02
1002,23.976,3,0.2,7.4925,CA-2015-124891,2018-02-05 09:24:00,delivered,2018-02-21 20:25,2018-03-01,OFF-PA-10004965,Blue,Office Supplies,RH-19495,Rick Hansen,VEN03
6117,130.464,6,0.2,44.0316,US-2016-113677,2017-11-29 18:10:00,delivered,2017-12-28 21:43,2018-01-02,OFF-EN-10002504,Pink,Office Supplies,CM-12655,Corinna Mitchell,VEN05
5301,787.53,3,0.0,165.3813,CA-2016-113831,2018-06-11 07:27:00,delivered,2018-07-13 15:08,2018-07-13,FUR-TA-10001768,Pink,Furniture,AH-10690,Anna Häberlin,VEN04
6102,157.794,1,0.7,-115.7156,CA-2017-100111,2017-06-20 10:42:00,delivered,2017-06-28 19:12,2017-07-03,OFF-BI-10003650,Pink,Office Supplies,SV-20365,Seth Vernon,VEN05
4882,47.04,3,0.0,18.3456,CA-2017-143567,2018-03-08 19:03:00,delivered,2018-03-29 19:21,2018-03-27,FUR-FU-10002157,Pink,Furniture,TB-21175,Thomas Boland,VEN05
7488,30.84,4,0.0,13.878,US-2015-134558,2017-08-03 12:17:00,delivered,2017-08-10 19:22,2017-08-23,OFF-BI-10003910,Blue,Office Supplies,PM-19135,Peter McVee,VEN02
1156,226.56,6,0.0,63.4368,CA-2014-136567,2017-05-13 11:51:00,delivered,2017-05-22 23:22,2017-05-24,OFF-ST-10000777,Blue,Office Supplies,PS-19045,Penelope Sewall,VEN03
8700,115.02,9,0.0,51.759,CA-2017-119284,2018-03-21 21:42:00,delivered,2018-04-03 20:06,2018-04-11,OFF-EN-10002500,Blue,Office Supplies,TS-21205,Thomas Seio,VEN01
9775,68.04,7,0.0,19.7316,CA-2014-169019,2018-01-22 11:29:00,delivered,2018-01-31 15:22,2018-03-05,TEC-PH-10003875,Black,Technology,LF-17185,Luke Foster,VEN04
8425,600.558,3,0.3,-8.5794,CA-2017-150091,2018-01-10 11:22:00,delivered,2018-02-07 14:13,2018-02-21,FUR-CH-10004063,Black,Furniture,NP-18670,Nora Paige,VEN04
6535,617.7,6,0.5,-407.682,CA-2014-128209,2018-06-30 12:14:00,delivered,2018-07-11 14:52,2018-08-01,FUR-TA-10004534,Black,Furniture,GT-14710,Greg Tran,VEN02
8681,2.388,2,0.7,-1.8308,CA-2016-143805,2018-04-10 19:29:00,delivered,2018-04-23 18:50,2018-05-18,OFF-BI-10003274,Black,Office Supplies,JD-15895,Jonathan Doherty,VEN02
6468,243.992,7,0.2,30.499,CA-2016-163804,2017-07-31 19:14:00,delivered,2017-08-23 19:05,2017-08-22,OFF-ST-10002974,Black,Office Supplies,DB-13270,Deborah Brumfield,VEN03
950,81.424,2,0.2,-9.1602,US-2017-110576,2018-05-04 09:02:00,delivered,2018-05-19 12:48,2018-06-08,FUR-CH-10001146,Blue,Furniture,RB-19795,Ross Baird,VEN02
3629,238.56,3,0.0,26.2416,CA-2014-169726,2018-01-16 16:43:00,delivered,2018-02-05 13:07,2018-02-09,FUR-FU-10003773,Pink,Furniture,JH-15985,Joseph Holt,VEN03
3044,59.97,5,0.4,-11.994,CA-2017-149559,2018-01-04 11:47:00,delivered,2018-02-10 01:32,2018-02-07,TEC-PH-10002293,Blue,Technology,KF-16285,Karen Ferguson,VEN01
8169,78.304,2,0.2,29.364,CA-2017-107174,2018-08-22 00:07:00,delivered,2018-08-28 15:03,2018-09-03,OFF-PA-10002377,Blue,Office Supplies,AB-10060,Adam Bellavance,VEN02
9616,21.456,9,0.2,6.9732,CA-2014-128524,2017-09-13 00:46:00,delivered,2017-09-14 18:32,2017-09-25,OFF-FA-10002780,Blue,Office Supplies,MZ-17515,Mary Zewe,VEN01
3151,20.04,3,0.0,9.6192,CA-2015-147830,2017-03-30 13:34:00,delivered,2017-04-15 13:22,2017-04-19,OFF-PA-10001804,Pink,Office Supplies,NF-18385,Natalie Fritzler,VEN02
9491,35.44,1,0.0,16.6568,CA-2017-111738,2017-08-19 21:23:00,delivered,2017-09-27 16:38,2017-09-21,OFF-PA-10001736,Pink,Office Supplies,CM-12385,Christopher Martinez,VEN02
5919,11.52,4,0.0,3.456,US-2015-126977,2018-06-16 18:31:00,delivered,2018-06-21 17:48,2018-06-29,OFF-AR-10001149,Black,Office Supplies,PF-19120,Peter Fuller,VEN03
6880,4.02,2,0.0,1.9698,CA-2015-137113,2017-10-06 08:32:00,delivered,2017-10-13 16:09,2017-10-30,OFF-FA-10002988,Black,Office Supplies,TW-21025,Tamara Willingham,VEN01
3771,76.176,3,0.2,26.6616,CA-2016-155530,2018-02-16 20:00:00,delivered,2018-02-26 17:04,2018-03-13,OFF-BI-10004781,Black,Office Supplies,CM-12160,Charles McCrossin,VEN02
8270,65.88,6,0.0,18.4464,CA-2017-121790,2018-03-11 14:54:00,delivered,2018-03-16 17:38,2018-03-22,OFF-SU-10001218,Blue,Office Supplies,LP-17095,Liz Preis,VEN03
245,43.12,14,0.0,20.6976,CA-2014-131926,2018-01-06 09:45:00,delivered,2018-01-13 02:22,2018-01-31,FUR-FU-10001706,Blue,Furniture,DW-13480,Dianna Wilson,VEN05
5757,82.8,2,0.2,10.35,CA-2014-163748,2018-03-16 21:34:00,delivered,2018-04-02 22:38,2018-04-23,FUR-FU-10004848,Blue,Furniture,HG-15025,Hunter Glantz,VEN02
6528,8.82,3,0.0,2.3814,CA-2016-157791,2018-05-14 11:04:00,delivered,2018-05-21 20:32,2018-06-04,OFF-AR-10000940,Blue,Office Supplies,CA-11965,Carol Adams,VEN05
807,10.86,3,0.0,5.1042,CA-2014-134313,2018-03-03 09:11:00,delivered,2018-03-21 16:12,2018-03-29,OFF-EN-10004030,Blue,Office Supplies,RA-19915,Russell Applegate,VEN01
1445,143.7,3,0.0,68.976,CA-2016-133725,2017-10-25 14:39:00,delivered,2017-11-03 18:41,2017-11-13,OFF-PA-10004327,Blue,Office Supplies,KL-16645,Ken Lonsdale,VEN04
2661,839.43,3,0.0,218.2518,CA-2017-123372,2018-05-07 20:42:00,delivered,2018-06-02 10:06,2018-06-18,OFF-AP-10001058,Blue,Office Supplies,DG-13300,Deirdre Greer,VEN02
5302,671.93,7,0.0,20.1579,CA-2016-113831,2018-06-11 07:27:00,delivered,2018-07-13 15:08,2018-07-13,OFF-ST-10003656,Blue,Office Supplies,AH-10690,Anna Häberlin,VEN04
150,93.888,4,0.2,12.9096,CA-2016-114489,2018-04-25 21:31:00,delivered,2018-05-05 11:47,2018-05-14,FUR-FU-10000521,Blue,Furniture,JE-16165,Justin Ellison,VEN02
1220,384.45,11,0.0,103.8015,US-2017-118087,2018-03-20 18:12:00,delivered,2018-04-21 16:51,2018-04-06,TEC-PH-10000215,Blue,Technology,SP-20620,Stefania Perrino,VEN04
1702,149.97,3,0.0,5.9988,CA-2015-114069,2017-10-12 10:06:00,delivered,2017-10-31 23:23,2017-11-07,TEC-PH-10001448,Pink,Technology,ND-18370,Natalie DeCherney,VEN03
911,1951.84,8,0.0,585.552,CA-2017-137596,2017-10-26 22:54:00,delivered,2017-10-31 21:28,2017-11-14,FUR-CH-10000454,Pink,Furniture,BE-11335,Bill Eplett,VEN01
8891,171.55,5,0.0,80.6285,CA-2016-147256,2017-06-29 21:52:00,delivered,2017-07-13 18:13,2017-07-21,OFF-BI-10002735,Blue,Office Supplies,FC-14245,Frank Carlisle,VEN05
9948,157.92,5,0.2,17.766,CA-2017-121559,2017-08-01 18:44:00,delivered,2017-08-08 20:33,2017-08-21,OFF-AP-10000326,Blue,Office Supplies,HW-14935,Helen Wasserman,VEN03
2768,203.184,2,0.2,15.2388,CA-2017-167752,2018-07-23 20:42:00,delivered,2018-08-03 19:03,2018-08-24,TEC-PH-10001254,Blue,Technology,RW-19690,Robert Waldorf,VEN03
2710,58.38,7,0.0,26.271,CA-2015-121797,2018-03-04 17:37:00,delivered,2018-04-03 21:58,2018-03-26,OFF-PA-10001950,Blue,Office Supplies,CC-12145,Charles Crestani,VEN02
3299,105.52,4,0.0,48.5392,CA-2017-136308,2018-04-15 20:44:00,delivered,2018-04-26 15:44,2018-05-16,OFF-PA-10002254,Blue,Office Supplies,MW-18235,Mitch Willingham,VEN05
6882,80.88,6,0.0,21.0288,CA-2015-137113,2017-10-06 08:32:00,delivered,2017-10-13 16:09,2017-10-30,OFF-ST-10001590,Blue,Office Supplies,TW-21025,Tamara Willingham,VEN01
4992,6.63,3,0.0,1.7901,US-2017-122714,2017-04-29 21:36:00,delivered,2017-05-24 05:19,2017-06-06,OFF-AR-10001547,Blue,Office Supplies,HG-14965,Henry Goldwyn,VEN01
7510,457.568,2,0.2,51.4764,US-2017-161935,2018-01-31 12:49:00,delivered,2018-02-16 15:58,2018-03-05,FUR-CH-10004063,Black,Furniture,JL-15835,John Lee,VEN02
2549,14.62,2,0.0,6.8714,US-2015-128090,2017-06-07 13:22:00,delivered,2017-06-19 11:34,2017-06-30,OFF-LA-10002475,Blue,Office Supplies,JM-15865,John Murray,VEN02
7133,944.93,7,0.0,236.2325,CA-2017-141439,2017-06-19 01:27:00,delivered,2017-06-24 12:41,2017-07-07,TEC-PH-10004536,Blue,Technology,TT-21460,Tonja Turnell,VEN05
8994,5.98,1,0.0,2.691,CA-2017-159100,2018-07-03 14:25:00,delivered,2018-07-10 13:23,2018-08-03,OFF-PA-10002751,Blue,Office Supplies,VP-21760,Victoria Pisteka,VEN03
7847,54.384,2,0.2,1.3596,CA-2015-125976,2018-07-26 16:11:00,delivered,2018-08-07 16:27,2018-08-24,TEC-AC-10003657,Black,Technology,JK-15205,Jamie Kunitz,VEN03
7330,28.4,5,0.0,13.348,US-2014-131275,2018-05-10 00:20:00,delivered,2018-05-18 22:42,2018-05-29,OFF-EN-10001990,Black,Office Supplies,SC-20050,Sample Company A,VEN04
1434,27.68,2,0.2,9.688,CA-2014-120768,2018-06-01 16:22:00,delivered,2018-06-05 18:32,2018-06-26,OFF-BI-10004002,Black,Office Supplies,IM-15070,Irene Maddox,VEN02
4429,9.936,3,0.2,2.7324,CA-2017-119452,2017-09-06 21:01:00,delivered,2017-09-14 16:00,2017-09-25,OFF-AR-10004441,Black,Office Supplies,CL-12565,Clay Ludtke,VEN03
2535,8159.952,8,0.4,-1359.992,US-2017-117723,2017-12-11 23:18:00,delivered,2017-12-13 12:57,2017-12-28,TEC-MA-10000822,Black,Technology,DL-13495,Dionis Lloyd,VEN02
4056,275.928,3,0.2,-58.6347,CA-2014-122931,2018-03-12 14:41:00,delivered,2018-03-14 21:22,2018-03-22,OFF-ST-10000991,Blue,Office Supplies,SM-20950,Suzanne McNair,VEN03
5186,1740.06,9,0.3,-24.858,CA-2015-134719,2018-05-17 14:28:00,delivered,2018-06-06 15:22,2018-06-12,FUR-CH-10004287,Pink,Furniture,JD-15790,John Dryer,VEN04
3152,32.064,6,0.2,6.8136,CA-2015-147830,2017-03-30 13:34:00,delivered,2017-04-15 13:22,2017-04-19,OFF-AR-10002656,Blue,Office Supplies,NF-18385,Natalie Fritzler,VEN02
8800,177.98,5,0.8,-453.849,CA-2014-116666,2018-08-13 20:25:00,delivered,2018-08-25 16:58,2018-09-14,OFF-AP-10002518,Blue,Office Supplies,KT-16480,Kean Thornton,VEN03
393,143.976,3,0.2,8.9985,US-2014-135972,2017-05-19 15:09:00,delivered,2017-05-29 15:49,2017-06-14,TEC-PH-10003931,Black,Technology,JG-15115,Jack Garza,VEN02
3385,20.94,3,0.0,9.8418,CA-2015-130659,2017-08-04 15:24:00,delivered,2017-08-15 20:18,2017-08-31,OFF-PA-10000659,Pink,Office Supplies,MS-17365,Maribeth Schnelling,VEN01
1897,110.96,2,0.0,53.2608,CA-2017-141789,2018-03-23 16:08:00,delivered,2018-04-15 16:51,2018-04-12,OFF-PA-10001144,Blue,Office Supplies,AC-10450,Amy Cox,VEN03
4861,340.144,7,0.2,21.259,CA-2016-101546,2017-11-06 21:34:00,delivered,2017-11-18 15:59,2017-11-27,FUR-CH-10003817,Blue,Furniture,GK-14620,Grace Kelly,VEN02
9034,52.448,2,0.8,-131.12,CA-2014-152268,2017-05-18 23:45:00,delivered,2017-05-29 11:48,2017-06-09,OFF-AP-10000891,Blue,Office Supplies,SC-20095,Sanjit Chand,VEN04
5067,20.16,4,0.2,6.552,CA-2017-142090,2018-04-11 23:03:00,delivered,2018-04-18 22:08,2018-04-30,OFF-LA-10003148,Blue,Office Supplies,SC-20380,Shahid Collister,VEN03
7766,97.264,4,0.8,-243.16,US-2017-118941,2017-05-19 22:46:00,delivered,2017-05-29 14:37,2017-06-01,OFF-AP-10002684,Blue,Office Supplies,BB-11545,Brenda Bowman,VEN01
6632,396.802,7,0.3,-11.3372,CA-2016-105081,2017-10-23 19:42:00,delivered,2017-11-07 19:41,2017-11-23,FUR-CH-10004698,Blue,Furniture,JE-15715,Joe Elijah,VEN02
168,15.88,5,0.2,-3.7715,CA-2014-139892,2018-05-17 16:44:00,delivered,2018-06-04 18:11,2018-06-07,OFF-SU-10002189,Blue,Office Supplies,BM-11140,Becky Martin,VEN05
6296,3.28,1,0.0,1.4104,CA-2014-141313,2017-05-08 12:20:00,delivered,2017-05-17 09:47,2017-05-26,OFF-AR-10001940,Blue,Office Supplies,AJ-10780,Anthony Jacobs,VEN03
1757,24.816,2,0.2,1.8612,CA-2015-135622,2018-02-03 19:00:00,delivered,2018-02-17 14:52,2018-03-01,OFF-ST-10003455,Blue,Office Supplies,TT-21460,Tonja Turnell,VEN03
11,408.744,7,0.2,76.6395,CA-2014-115812,2018-06-07 22:36:00,delivered,2018-06-16 01:47,2018-07-03,TEC-AC-10004659,Blue,Technology,BH-11710,Brosina Hoffman,VEN02
3296,503.96,4,0.0,131.0296,CA-2017-113418,2017-10-07 16:40:00,delivered,2017-10-19 19:47,2017-11-03,TEC-PH-10003273,Blue,Technology,CM-12655,Corinna Mitchell,VEN04
1251,149.95,5,0.0,41.986,CA-2017-115602,2018-03-27 09:08:00,delivered,2018-04-09 23:31,2018-04-18,TEC-PH-10004896,Blue,Technology,DJ-13630,Doug Jacobs,VEN02
1712,29.0,2,0.0,7.25,CA-2017-123491,2018-03-29 17:40:00,delivered,2018-04-15 15:25,2018-04-20,TEC-AC-10002345,Blue,Technology,JK-15205,Jamie Kunitz,VEN01
6176,7.16,2,0.0,3.4368,CA-2015-158421,2018-04-03 16:30:00,delivered,2018-04-10 23:05,2018-04-23,OFF-BI-10001890,Blue,Office Supplies,GB-14575,Giulietta Baptist,VEN03
3571,176.8,8,0.0,22.984,CA-2017-168109,2017-06-26 18:26:00,delivered,2017-07-06 17:12,2017-07-20,TEC-AC-10002323,Pink,Technology,JK-15640,Jim Kriz,VEN05
7680,37.224,3,0.2,3.7224,CA-2014-133592,2018-02-03 15:42:00,delivered,2018-02-17 15:26,2018-03-07,OFF-ST-10001328,Pink,Office Supplies,KM-16375,Katherine Murray,VEN04
7115,20.016,3,0.2,6.255,US-2016-102239,2018-04-26 14:10:00,delivered,2018-05-07 20:24,2018-05-21,OFF-PA-10001950,Blue,Office Supplies,LW-16990,Lindsay Williams,VEN05
3892,899.136,4,0.2,112.392,US-2016-163881,2018-06-28 15:55:00,delivered,2018-06-30 14:07,2018-07-16,FUR-BO-10002613,Pink,Furniture,SP-20860,Sung Pak,VEN02
8452,71.76,6,0.0,20.0928,CA-2014-131387,2018-07-24 16:00:00,delivered,2018-08-02 21:50,2018-08-16,TEC-PH-10001552,Blue,Technology,AI-10855,Arianne Irving,VEN05
9368,51.84,8,0.0,24.8832,CA-2014-108147,2018-02-22 16:21:00,delivered,2018-03-13 17:49,2018-03-16,OFF-PA-10000061,Pink,Office Supplies,RD-19480,Rick Duston,VEN02
7998,626.352,3,0.2,46.9764,US-2017-105998,2017-05-11 14:58:00,delivered,2017-05-17 11:37,2017-05-29,FUR-BO-10002545,Blue,Furniture,CR-12580,Clay Rozendal,VEN01
1517,19.9,5,0.0,6.567,CA-2017-148446,2017-10-03 12:57:00,delivered,2017-10-18 20:11,2017-11-01,OFF-AR-10003514,Pink,Office Supplies,MC-17845,Michael Chen,VEN01
3589,14.28,7,0.0,6.7116,CA-2017-158729,2017-04-30 20:04:00,delivered,2017-05-23 21:02,2017-06-07,OFF-EN-10001509,Blue,Office Supplies,AC-10450,Amy Cox,VEN05
722,7.408,2,0.2,1.2038,CA-2016-142335,2017-10-13 14:30:00,delivered,2017-11-06 14:42,2017-11-06,OFF-AR-10004685,Pink,Office Supplies,MP-17965,Michael Paige,VEN02
6877,6.048,3,0.2,1.5876,US-2016-121013,2017-06-15 17:29:00,delivered,2017-06-26 12:17,2017-07-12,OFF-AR-10004027,Pink,Office Supplies,MM-17920,Michael Moore,VEN03
5426,46.26,3,0.0,12.0276,CA-2016-153598,2018-04-02 23:05:00,delivered,2018-04-04 20:21,2018-04-12,OFF-ST-10001414,Pink,Office Supplies,NM-18520,Neoma Murray,VEN04
8302,2.946,2,0.7,-2.2586,US-2017-167318,2018-02-26 06:37:00,canceled,null,2018-03-12,OFF-BI-10000343,Blue,Office Supplies,GZ-14545,George Zrebassa,VEN01
9514,16.056,3,0.2,5.8203,CA-2016-125220,2017-08-28 10:15:00,delivered,2017-09-04 20:39,2017-09-21,OFF-PA-10002749,Blue,Office Supplies,BE-11410,Bobby Elias,VEN03
5435,21.744,3,0.2,6.795,CA-2015-160171,2017-12-26 11:36:00,delivered,2018-01-04 16:15,2018-01-19,OFF-PA-10002666,Blue,Office Supplies,RM-19675,Robert Marley,VEN04
6839,218.75,2,0.5,-161.875,CA-2017-107517,2017-11-08 11:15:00,delivered,2017-11-30 18:25,2017-12-06,FUR-TA-10004289,Blue,Furniture,FC-14335,Fred Chung,VEN02
2929,2.6,1,0.2,0.2925,US-2017-120390,2018-07-16 17:15:00,delivered,2018-07-26 16:20,2018-08-10,OFF-AP-10003622,Black,Office Supplies,TH-21550,Tracy Hopkins,VEN02
3184,66.284,2,0.8,-178.9668,CA-2017-152912,2017-09-11 17:35:00,delivered,2017-10-05 20:43,2017-10-11,OFF-AP-10003217,Black,Office Supplies,BM-11650,Brian Moss,VEN05
2861,35.168,7,0.2,9.6712,CA-2017-138975,2017-09-04 15:51:00,delivered,2017-09-12 16:12,2017-09-15,FUR-FU-10002960,Black,Furniture,SC-20380,Shahid Collister,VEN03
9636,444.768,4,0.2,44.4768,CA-2014-151330,2017-05-29 10:44:00,delivered,2017-06-12 13:12,2017-06-19,TEC-PH-10001918,Black,Technology,TC-21295,Toby Carlisle,VEN01
7085,83.92,4,0.0,5.8744,CA-2017-118724,2017-11-13 19:14:00,delivered,2017-11-21 23:10,2017-11-27,OFF-ST-10000642,Black,Office Supplies,AR-10825,Anthony Rawles,VEN05
2392,131.98,2,0.0,35.6346,US-2015-127040,2017-11-16 12:53:00,delivered,2017-11-26 16:52,2017-12-13,TEC-PH-10001700,Blue,Technology,SG-20605,Speros Goranitis,VEN05
1014,15.92,4,0.0,7.4824,US-2015-126214,2017-05-06 16:14:00,delivered,2017-05-24 10:04,2017-06-06,OFF-BI-10003274,Black,Office Supplies,JS-15880,John Stevenson,VEN04
7899,52.29,9,0.0,16.2099,CA-2017-128363,2017-06-03 00:29:00,delivered,2017-06-08 11:28,2017-06-28,OFF-FA-10000134,Blue,Office Supplies,DC-12850,Dan Campbell,VEN01
2021,91.99,1,0.0,3.6796,CA-2016-168354,2017-09-11 10:14:00,delivered,2017-09-20 17:28,2017-10-09,OFF-ST-10001522,Blue,Office Supplies,RH-19510,Rick Huthwaite,VEN04
4209,20.8,2,0.2,6.5,CA-2014-145387,2018-06-18 09:30:00,delivered,2018-06-22 18:26,2018-07-17,TEC-AC-10001266,Blue,Technology,AM-10705,Anne McFarland,VEN05
2857,23.68,2,0.2,8.88,CA-2016-128594,2018-08-02 17:53:00,delivered,2018-08-17 17:56,2018-08-30,OFF-LA-10004544,Blue,Office Supplies,DJ-13510,Don Jones,VEN04
5870,452.45,5,0.5,-244.323,CA-2016-152247,2018-01-08 19:30:00,delivered,2018-01-17 22:52,2018-02-01,FUR-BO-10004695,Blue,Furniture,MA-17995,Michelle Arnett,VEN05
4640,62.982,3,0.4,-14.6958,CA-2016-102162,2018-08-10 16:53:00,delivered,2018-08-23 00:37,2018-09-04,TEC-PH-10002844,Blue,Technology,JF-15565,Jill Fjeld,VEN04
4356,1188.0,9,0.7,-950.4,CA-2015-155600,2017-06-28 20:08:00,delivered,2017-07-03 14:21,2017-07-18,TEC-MA-10000864,Blue,Technology,RO-19780,Rose O'Brian,VEN02
9494,89.584,2,0.2,4.4792,CA-2016-105207,2018-04-23 17:55:00,delivered,2018-05-04 20:04,2018-05-10,TEC-AC-10000109,Black,Technology,BO-11350,Bill Overfelt,VEN04
9404,93.06,6,0.0,26.0568,CA-2016-105459,2017-11-27 21:53:00,delivered,2017-12-09 17:32,2017-12-20,OFF-ST-10001328,Pink,Office Supplies,NP-18700,Nora Preis,VEN03
2057,302.376,3,0.2,22.6782,CA-2017-120376,2018-03-09 21:13:00,delivered,2018-04-03 01:11,2018-04-12,TEC-PH-10002563,Black,Technology,TP-21130,Theone Pippenger,VEN05
2358,5.584,2,0.2,1.8148,US-2014-148838,2018-04-27 00:19:00,delivered,2018-05-04 18:46,2018-05-28,OFF-FA-10000585,Pink,Office Supplies,CP-12340,Christine Phan,VEN05
3567,22.704,6,0.2,8.2302,CA-2017-103877,2017-02-10 14:34:00,delivered,2017-02-16 18:33,2017-03-13,OFF-PA-10004000,Blue,Office Supplies,RD-19660,Robert Dilbeck,VEN02
9274,19.776,4,0.7,-13.8432,CA-2017-146983,2018-07-04 11:38:00,delivered,2018-07-06 17:18,2018-07-17,OFF-BI-10002852,Blue,Office Supplies,AH-10210,Alan Hwang,VEN01
4137,72.704,4,0.2,19.0848,CA-2017-105914,2018-06-13 10:32:00,delivered,2018-07-03 20:12,2018-07-18,FUR-FU-10000087,Blue,Furniture,PV-18985,Paul Van Hugh,VEN04
1546,479.988,4,0.7,-383.9904,CA-2014-150245,2018-04-29 15:13:00,delivered,2018-05-07 18:51,2018-05-24,TEC-MA-10001148,Blue,Technology,PC-18745,Pamela Coakley,VEN01
7687,27.168,2,0.2,2.7168,CA-2016-169838,2017-08-31 21:54:00,delivered,2017-09-08 19:44,2017-09-20,OFF-AR-10001958,Blue,Office Supplies,BB-11545,Brenda Bowman,VEN03
6851,2.2,1,0.0,0.968,US-2016-100461,2018-05-09 00:22:00,delivered,2018-05-15 18:04,2018-05-22,OFF-AR-10001026,Blue,Office Supplies,JO-15145,Jack O'Briant,VEN05
9149,622.45,5,0.0,136.939,US-2016-165505,2018-02-18 12:55:00,delivered,2018-03-05 16:13,2018-03-22,FUR-TA-10003748,Blue,Furniture,CB-12535,Claudia Bergmann,VEN05
8454,21.98,1,0.0,0.2198,CA-2016-125087,2018-07-31 00:17:00,delivered,2018-08-03 16:38,2018-08-20,OFF-ST-10002485,Blue,Office Supplies,TH-21115,Thea Hudgings,VEN01
2354,161.568,2,0.2,-28.2744,CA-2015-111514,2017-07-27 17:18:00,delivered,2017-08-02 18:03,2017-08-18,FUR-CH-10004860,Pink,Furniture,SC-20260,Scott Cohen,VEN02
7650,389.696,8,0.2,43.8408,CA-2015-101889,2017-10-20 17:20:00,delivered,2017-10-25 16:12,2017-11-09,FUR-CH-10004477,Blue,Furniture,DB-13120,David Bremer,VEN05
6114,18.648,7,0.7,-12.432,CA-2016-124590,2017-12-13 11:49:00,delivered,2017-12-20 20:59,2018-01-31,OFF-BI-10001679,Blue,Office Supplies,SP-20920,Susan Pistek,VEN02
2942,233.86,2,0.45,-102.048,CA-2017-155880,2018-06-06 14:09:00,delivered,2018-06-18 18:11,2018-07-16,FUR-TA-10001705,Blue,Furniture,JD-16150,Justin Deggeller,VEN01
5311,620.6145,3,0.45,-248.2458,CA-2017-131254,2017-09-11 15:39:00,delivered,2017-09-24 11:29,2017-10-09,FUR-TA-10003473,Blue,Furniture,NC-18415,Nathan Cano,VEN04
6559,5.328,2,0.7,-3.552,CA-2015-166947,2017-07-11 22:07:00,delivered,2017-08-08 15:26,2017-08-14,OFF-BI-10001679,Blue,Office Supplies,EB-13750,Edward Becker,VEN01
5189,258.072,3,0.2,0.0,CA-2015-115567,2017-06-29 20:08:00,delivered,2017-07-14 12:07,2017-07-25,FUR-FU-10004017,Blue,Furniture,ZC-21910,Zuschuss Carroll,VEN02
9222,617.976,3,0.2,-7.7247,CA-2017-103212,2018-06-03 20:42:00,delivered,2018-06-07 21:38,2018-06-28,TEC-AC-10003832,Blue,Technology,MH-18025,Michelle Huthwaite,VEN04
248,10.56,2,0.0,4.752,CA-2014-131926,2018-01-06 09:45:00,delivered,2018-01-13 02:22,2018-01-31,OFF-PA-10002479,Blue,Office Supplies,DW-13480,Dianna Wilson,VEN05
5017,25.92,5,0.2,9.396,CA-2014-153850,2017-08-03 12:36:00,delivered,2017-08-16 18:26,2017-09-08,OFF-PA-10003349,Black,Office Supplies,TH-21100,Thea Hendricks,VEN04
9674,419.68,5,0.6,-356.728,CA-2016-114867,2018-05-16 11:51:00,delivered,2018-05-18 15:58,2018-05-25,FUR-FU-10000576,Black,Furniture,FM-14290,Frank Merwin,VEN05
7473,11.688,3,0.6,-4.6752,CA-2016-139997,2017-12-17 14:44:00,delivered,2017-12-29 20:13,2018-01-18,FUR-FU-10004351,Black,Furniture,EM-14140,Eugene Moren,VEN03
7815,31.984,2,0.2,11.1944,US-2017-109316,2018-05-08 21:04:00,delivered,2018-05-21 13:06,2018-06-05,TEC-PH-10000011,Black,Technology,MG-17680,Maureen Gastineau,VEN05
5613,177.225,5,0.5,-120.513,CA-2017-121027,2018-07-02 11:41:00,delivered,2018-07-10 22:36,2018-07-20,FUR-TA-10002607,Black,Furniture,HW-14935,Helen Wasserman,VEN01
378,4.044,3,0.6,-2.8308,US-2017-134481,2018-06-18 16:06:00,delivered,2018-06-23 12:56,2018-07-12,FUR-FU-10002505,Black,Furniture,AR-10405,Allen Rosenblatt,VEN04
5813,7.408,2,0.2,1.2038,US-2015-163279,2017-10-28 21:26:00,delivered,2017-11-13 22:33,2017-11-22,OFF-AR-10004685,Pink,Office Supplies,JD-16150,Justin Deggeller,VEN05
4378,2001.86,7,0.0,580.5394,CA-2014-166954,2017-05-29 22:08:00,delivered,2017-06-06 15:38,2017-06-19,FUR-CH-10004063,Black,Furniture,BT-11305,Beth Thompson,VEN03
7526,166.72,2,0.0,41.68,CA-2014-125731,2017-12-14 20:08:00,delivered,2018-01-03 19:19,2018-01-16,OFF-ST-10002276,Blue,Office Supplies,CL-12565,Clay Ludtke,VEN04
5460,47.88,6,0.0,23.94,CA-2017-116680,2018-01-07 17:39:00,delivered,2018-01-11 14:44,2018-02-02,OFF-PA-10004082,Blue,Office Supplies,PK-19075,Pete Kriz,VEN01
6111,1503.25,5,0.0,496.0725,CA-2016-124590,2017-12-13 11:49:00,delivered,2017-12-20 20:59,2018-01-31,OFF-AP-10002945,Blue,Office Supplies,SP-20920,Susan Pistek,VEN02
9187,25.92,4,0.0,12.4416,CA-2017-156776,2018-07-21 08:04:00,delivered,2018-07-24 17:17,2018-07-31,OFF-PA-10000061,Pink,Office Supplies,JL-15505,Jeremy Lonsdale,VEN03
6235,321.568,2,0.2,28.1372,US-2017-142188,2017-06-05 00:11:00,delivered,2017-06-14 16:48,2017-06-29,FUR-CH-10002965,Blue,Furniture,JF-15415,Jennifer Ferguson,VEN03
3828,7.61,1,0.0,3.5767,CA-2017-141733,2017-09-26 15:40:00,delivered,2017-10-04 20:05,2017-10-24,OFF-PA-10004569,Blue,Office Supplies,RW-19540,Rick Wilson,VEN05
8563,3347.37,13,0.0,636.0003,CA-2016-123540,2018-01-03 22:13:00,delivered,2018-01-26 13:37,2018-01-26,TEC-AC-10003832,Blue,Technology,DJ-13420,Denny Joy,VEN03
2190,80.58,6,0.0,22.5624,CA-2017-143063,2017-08-20 19:40:00,delivered,2017-08-28 19:37,2017-09-15,OFF-ST-10001228,Blue,Office Supplies,IL-15100,Ivan Liston,VEN05
5764,361.92,4,0.0,162.864,CA-2015-162047,2017-01-19 10:33:00,delivered,2017-01-26 13:05,2017-03-01,OFF-EN-10003296,Blue,Office Supplies,FH-14365,Fred Hopkins,VEN01
2756,12.132,9,0.6,-8.4924,CA-2015-155306,2018-07-24 16:45:00,delivered,2018-08-02 17:28,2018-08-10,FUR-FU-10002505,Black,Furniture,GA-14515,George Ashbrook,VEN02
3591,82.368,2,0.2,-19.5624,CA-2017-146535,2017-12-04 19:37:00,delivered,2017-12-16 00:17,2017-12-27,OFF-ST-10004804,Blue,Office Supplies,FM-14290,Frank Merwin,VEN05
1812,53.92,5,0.2,4.044,CA-2014-132612,2017-05-02 22:19:00,delivered,2017-05-18 11:07,2017-05-26,OFF-ST-10001590,Blue,Office Supplies,FO-14305,Frank Olsen,VEN01
1834,647.904,6,0.2,56.6916,CA-2017-162691,2018-03-29 17:48:00,delivered,2018-04-06 21:48,2018-04-20,TEC-PH-10001580,Blue,Technology,AS-10045,Aaron Smayling,VEN01
1987,20.37,3,0.0,6.9258,CA-2016-147417,2018-07-13 13:01:00,delivered,2018-07-23 23:04,2018-08-17,TEC-AC-10000290,Blue,Technology,CB-12415,Christy Brittain,VEN05
6201,221.55,3,0.0,6.6465,CA-2015-146675,2017-03-19 17:06:00,delivered,2017-03-31 10:45,2017-04-25,OFF-ST-10002790,Blue,Office Supplies,SB-20185,Sarah Brown,VEN04
8925,17.52,5,0.2,6.132,CA-2016-168032,2018-07-08 19:40:00,delivered,2018-07-11 21:18,2018-07-25,OFF-BI-10003460,Blue,Office Supplies,DF-13135,David Flashing,VEN04
1831,1.624,2,0.8,-4.466,CA-2017-145884,2018-01-10 13:33:00,delivered,2018-02-01 18:32,2018-02-14,OFF-AP-10002203,Pink,Office Supplies,SL-20155,Sara Luxemburg,VEN04
9198,3059.982,3,0.4,-509.997,CA-2014-103310,2018-01-19 15:41:00,delivered,2018-01-30 14:37,2018-02-14,TEC-MA-10000822,Black,Technology,GM-14680,Greg Matthias,VEN05
3940,2519.958,7,0.4,-251.9958,US-2016-143448,2018-05-10 13:49:00,delivered,2018-05-24 14:42,2018-05-29,TEC-MA-10003353,Pink,Technology,MH-17455,Mark Hamilton,VEN02
3481,328.224,4,0.2,28.7196,CA-2016-131289,2018-02-21 21:01:00,delivered,2018-03-05 10:51,2018-03-16,TEC-PH-10001433,Pink,Technology,SP-20620,Stefania Perrino,VEN01
6640,79.9,2,0.0,35.156,CA-2014-108609,2017-12-10 14:05:00,delivered,2017-12-22 16:07,2018-01-12,TEC-AC-10004469,Pink,Technology,AJ-10780,Anthony Jacobs,VEN02
7453,14.016,3,0.2,4.7304,CA-2017-105669,2018-03-24 13:13:00,delivered,2018-04-14 01:52,2018-04-24,OFF-AR-10003602,Pink,Office Supplies,SJ-20125,Sanjit Jacobs,VEN02
3427,7.56,6,0.0,0.3024,CA-2015-153381,2018-03-08 10:47:00,delivered,2018-03-20 17:03,2018-03-27,OFF-FA-10003472,Pink,Office Supplies,DE-13255,Deanra Eno,VEN05
2559,37.208,1,0.2,-7.4416,CA-2015-147788,2018-01-12 16:19:00,delivered,2018-01-23 22:17,2018-02-09,OFF-ST-10004180,Pink,Office Supplies,TM-21010,Tamara Manning,VEN03
6918,57.576,3,0.2,21.591,CA-2014-124247,2017-06-29 12:46:00,delivered,2017-07-08 14:22,2017-07-28,OFF-EN-10004386,Pink,Office Supplies,SH-20635,Stefanie Holloman,VEN03
9760,725.84,4,0.0,210.4936,CA-2016-146913,2017-07-14 01:30:00,delivered,2017-07-26 00:39,2017-08-07,OFF-ST-10003208,Pink,Office Supplies,SF-20965,Sylvia Foulston,VEN04
7521,209.93,7,0.0,92.3692,US-2017-167920,2018-07-24 10:28:00,delivered,2018-08-02 17:44,2018-08-14,TEC-AC-10003628,Pink,Technology,JL-15835,John Lee,VEN03
2573,5.28,3,0.0,2.3232,CA-2016-155845,2018-02-22 02:49:00,delivered,2018-03-08 16:11,2018-03-26,FUR-FU-10003274,Pink,Furniture,CM-12235,Chris McAfee,VEN01
815,10.92,3,0.2,4.095,CA-2017-143686,2017-06-23 10:53:00,delivered,2017-07-04 10:47,2017-07-14,OFF-BI-10002557,Pink,Office Supplies,PJ-19015,Pauline Johnson,VEN04
2299,8.82,2,0.0,4.0572,CA-2015-113145,2017-02-24 17:04:00,delivered,2017-03-20 08:38,2017-03-22,OFF-PA-10002615,Pink,Office Supplies,VD-21670,Valerie Dominguez,VEN04
5796,5.98,1,0.0,1.5548,CA-2014-124856,2018-07-18 15:44:00,delivered,2018-07-25 17:19,2018-08-08,OFF-AR-10001427,Blue,Office Supplies,LD-17005,Lisa DeCherney,VEN05
1977,11.648,2,0.2,4.0768,CA-2014-110408,2017-06-08 10:49:00,delivered,2017-06-23 12:11,2017-07-07,OFF-PA-10000673,Blue,Office Supplies,AS-10225,Alan Schoenberger,VEN05
1023,18.176,4,0.2,5.9072,CA-2015-124450,2018-05-04 18:57:00,delivered,2018-05-14 23:42,2018-06-14,OFF-PA-10004470,Black,Office Supplies,GT-14710,Greg Tran,VEN05
8209,59.712,6,0.2,5.9712,CA-2015-141565,2017-10-30 22:06:00,delivered,2017-11-06 21:06,2017-11-16,OFF-ST-10000876,Black,Office Supplies,BG-11035,Barry Gonzalez,VEN03
8633,24.84,3,0.2,8.694,CA-2016-107783,2017-11-23 08:35:00,delivered,2018-01-03 14:36,2017-12-14,OFF-LA-10002043,Blue,Office Supplies,OT-18730,Olvera Toch,VEN03
5162,2.08,5,0.8,-3.432,CA-2014-111192,2017-04-14 11:42:00,delivered,2017-04-27 16:31,2017-05-12,OFF-BI-10004967,Blue,Office Supplies,TS-21430,Tom Stivers,VEN05
793,1114.4,7,0.2,376.11,CA-2016-105256,2018-08-15 10:31:00,delivered,2018-08-21 14:38,2018-08-23,TEC-PH-10001760,Blue,Technology,JK-15730,Joe Kamberova,VEN01
1047,1038.84,5,0.2,51.942,CA-2016-169103,2018-02-21 06:20:00,delivered,2018-02-24 16:55,2018-03-07,FUR-TA-10002903,Blue,Furniture,ZC-21910,Zuschuss Carroll,VEN02
6765,141.76,5,0.2,47.844,CA-2016-144764,2018-01-08 20:49:00,delivered,2018-02-07 20:38,2018-02-01,OFF-PA-10000474,Pink,Office Supplies,RL-19615,Rob Lucas,VEN03
3800,239.8,5,0.2,47.96,CA-2017-147760,2017-08-15 22:52:00,delivered,2017-08-25 23:08,2017-09-13,TEC-AC-10001956,Pink,Technology,KL-16555,Kelly Lampkin,VEN04
5056,31.104,6,0.2,10.8864,CA-2015-141243,2018-03-06 16:03:00,delivered,2018-04-09 16:36,2018-04-03,OFF-PA-10004100,Pink,Office Supplies,AH-10465,Amy Hunt,VEN03
7649,254.058,7,0.7,-169.372,CA-2016-138968,2018-06-05 13:24:00,delivered,2018-06-15 17:36,2018-06-29,OFF-BI-10000778,Blue,Office Supplies,FC-14335,Fred Chung,VEN05
7194,194.528,2,0.2,24.316,CA-2016-110492,2018-07-31 13:23:00,delivered,2018-08-16 15:33,2018-08-20,OFF-AP-10002684,Blue,Office Supplies,JS-15880,John Stevenson,VEN03
9399,961.48,5,0.2,-204.3145,CA-2014-125997,2017-06-18 17:55:00,delivered,2017-07-06 16:13,2017-07-11,OFF-SU-10000646,Pink,Office Supplies,MW-18220,Mitch Webber,VEN04
2603,19.096,7,0.2,6.6836,CA-2016-165848,2018-03-15 08:07:00,delivered,2018-03-20 18:12,2018-03-27,OFF-FA-10002983,Pink,Office Supplies,EN-13780,Edward Nazzal,VEN01
2540,18.496,8,0.2,6.2424,CA-2015-113404,2017-11-15 22:30:00,delivered,2017-11-28 19:26,2017-12-08,OFF-LA-10004689,Blue,Office Supplies,EM-13810,Eleni McCrary,VEN05
4520,255.984,2,0.2,54.3966,CA-2017-107167,2017-10-16 20:22:00,delivered,2017-11-14 16:04,2017-11-03,TEC-AC-10002001,Blue,Technology,ND-18460,Neil Ducich,VEN01
6049,86.97,3,0.5,-48.7032,CA-2015-105571,2018-08-07 10:19:00,delivered,2018-08-16 21:12,2018-08-23,FUR-BO-10004709,Blue,Furniture,CP-12340,Christine Phan,VEN04
413,300.416,8,0.2,78.8592,CA-2017-117457,2018-08-10 13:22:00,delivered,2018-08-22 22:32,2018-09-17,FUR-FU-10004091,Blue,Furniture,KH-16510,Keith Herrera,VEN04
7388,230.352,3,0.2,20.1558,CA-2016-105732,2017-07-23 21:26:00,delivered,2017-08-08 19:22,2017-08-21,FUR-CH-10001891,Blue,Furniture,AG-10270,Alejandro Grove,VEN04
558,218.352,3,0.2,-24.5646,CA-2016-113243,2018-06-11 11:35:00,delivered,2018-06-14 11:43,2018-07-13,FUR-FU-10002918,Blue,Furniture,OT-18730,Olvera Toch,VEN04
4459,78.6,5,0.7,-62.88,CA-2017-105851,2018-04-15 21:26:00,delivered,2018-04-18 22:16,2018-05-03,OFF-BI-10004593,Pink,Office Supplies,SE-20110,Sanjit Engle,VEN04
2674,27.552,3,0.2,9.2988,CA-2014-126403,2017-03-03 18:23:00,delivered,2017-03-14 10:19,2017-03-24,OFF-FA-10004854,Black,Office Supplies,RR-19525,Rick Reed,VEN02
4938,32.4,5,0.0,15.552,CA-2014-157147,2017-11-09 16:05:00,delivered,2017-11-21 18:47,2017-12-05,OFF-PA-10002105,Black,Office Supplies,BD-11605,Brian Dahlen,VEN01
5560,1082.48,8,0.0,10.8248,US-2015-114741,2017-11-25 17:23:00,delivered,2017-12-07 14:47,2017-12-26,OFF-ST-10002756,Black,Office Supplies,IL-15100,Ivan Liston,VEN02
4988,56.91,3,0.0,27.3168,CA-2016-149279,2017-11-26 23:04:00,delivered,2017-12-18 17:51,2017-12-19,OFF-PA-10004243,Black,Office Supplies,CL-12700,Craig Leslie,VEN05
5639,77.6,4,0.0,38.024,CA-2014-154893,2018-03-18 17:31:00,delivered,2018-04-03 22:26,2018-04-19,FUR-FU-10001861,Black,Furniture,GM-14440,Gary McGarr,VEN01
8010,14.28,1,0.0,6.5688,CA-2015-110863,2018-04-01 10:46:00,delivered,2018-04-06 20:47,2018-04-19,OFF-BI-10002706,Blue,Office Supplies,AA-10645,Anna Andreadi,VEN02
1181,219.075,3,0.5,-131.445,CA-2014-128146,2018-04-26 18:31:00,delivered,2018-05-07 21:18,2018-05-24,FUR-TA-10002533,Blue,Furniture,DB-13060,Dave Brooks,VEN02
2478,26.8,2,0.0,12.864,CA-2017-102750,2017-02-24 16:14:00,delivered,2017-03-07 12:17,2017-03-21,FUR-FU-10002671,Blue,Furniture,GM-14695,Greg Maxwell,VEN02
5517,9.84,3,0.0,2.8536,US-2016-138408,2018-03-22 16:59:00,delivered,2018-04-10 18:44,2018-04-04,OFF-AR-10003651,Blue,Office Supplies,KC-16255,Karen Carlisle,VEN04
7228,45.48,3,0.0,20.9208,CA-2017-127397,2018-02-19 15:37:00,delivered,2018-03-06 19:08,2018-03-14,OFF-BI-10001072,Pink,Office Supplies,ES-14080,Erin Smith,VEN03
5142,289.2,6,0.0,83.868,CA-2016-111213,2018-04-30 17:22:00,delivered,2018-05-04 12:51,2018-05-18,OFF-AR-10002135,Pink,Office Supplies,FP-14320,Frank Preis,VEN03
7647,4.89,1,0.0,2.0049,US-2014-115196,2017-10-22 12:00:00,delivered,2017-11-03 18:22,2017-11-09,OFF-AR-10002804,Blue,Office Supplies,DL-12925,Daniel Lacy,VEN01
6101,15.136,4,0.2,3.5948,CA-2017-100111,2017-06-20 10:42:00,delivered,2017-06-28 19:12,2017-07-03,FUR-FU-10001918,Blue,Furniture,SV-20365,Seth Vernon,VEN05
811,466.768,2,0.2,52.5114,CA-2014-151995,2017-05-16 00:46:00,delivered,2017-05-19 15:27,2017-06-05,FUR-CH-10004086,Blue,Furniture,ZC-21910,Zuschuss Carroll,VEN03
7607,15.232,1,0.2,1.7136,CA-2016-101791,2017-04-22 14:49:00,delivered,2017-04-28 07:33,2017-05-15,FUR-FU-10001756,Blue,Furniture,BS-11665,Brian Stugart,VEN05
2114,6.264,3,0.2,2.0358,CA-2015-164882,2018-06-06 14:26:00,delivered,2018-06-11 15:14,2018-07-03,OFF-LA-10000634,Pink,Office Supplies,SG-20080,Sandra Glassco,VEN02
555,87.54,3,0.0,37.6422,CA-2017-100650,2018-02-09 17:21:00,delivered,2018-02-15 23:09,2018-02-23,FUR-FU-10001588,Pink,Furniture,DK-13225,Dean Katz,VEN05
8799,178.384,2,0.2,22.298,US-2016-150140,2018-01-08 12:08:00,delivered,2018-01-22 15:35,2018-02-07,TEC-PH-10002398,Pink,Technology,VM-21685,Valerie Mitchum,VEN03
5871,15.552,3,0.2,5.4432,CA-2016-128223,2017-04-06 10:52:00,delivered,2017-05-08 12:02,2017-05-10,OFF-PA-10001937,Pink,Office Supplies,EB-13705,Ed Braxton,VEN01
2655,99.136,4,0.2,8.6744,CA-2017-112515,2018-05-14 14:50:00,delivered,2018-05-18 14:23,2018-05-25,OFF-AR-10003373,Pink,Office Supplies,AS-10225,Alan Schoenberger,VEN03
3371,135.882,1,0.1,24.1568,CA-2016-134887,2018-06-20 00:40:00,delivered,2018-06-21 15:41,2018-07-11,FUR-CH-10002602,Pink,Furniture,TB-21280,Toby Braunhardt,VEN03
8587,3991.98,2,0.0,1995.99,CA-2017-162015,2017-03-06 16:08:00,delivered,2017-03-15 10:53,2017-03-30,TEC-MA-10002927,Pink,Technology,KB-16240,Karen Bern,VEN05
8735,275.94,6,0.0,80.0226,CA-2017-116988,2017-04-12 11:02:00,delivered,2017-05-09 06:35,2017-05-16,TEC-PH-10004093,Blue,Technology,PW-19030,Pauline Webber,VEN04
1954,360.0,4,0.0,129.6,CA-2017-157987,2017-03-16 11:12:00,delivered,2017-03-23 16:36,2017-04-05,TEC-AC-10000892,Black,Technology,AC-10615,Ann Chong,VEN05
7329,43.57,1,0.0,13.071,US-2014-131275,2018-05-10 00:20:00,delivered,2018-05-18 22:42,2018-05-29,OFF-ST-10002974,Black,Office Supplies,SC-20050,Sample Company A,VEN04
4454,7.16,2,0.0,3.58,CA-2016-147137,2017-04-08 19:30:00,delivered,2017-04-18 16:53,2017-05-16,OFF-FA-10000624,Black,Office Supplies,AA-10645,Anna Andreadi,VEN03
464,251.52,6,0.2,81.744,CA-2016-109869,2017-10-17 12:02:00,delivered,2017-10-19 21:35,2017-10-27,OFF-BI-10004593,Pink,Office Supplies,TN-21040,Tanja Norvell,VEN04
8761,99.99,1,0.0,34.9965,CA-2016-159891,2018-05-05 23:54:00,delivered,2018-06-07 21:22,2018-06-07,TEC-AC-10001908,Black,Technology,BF-11170,Ben Ferrer,VEN03
4941,15.992,1,0.2,0.9995,CA-2015-156482,2018-02-20 10:47:00,delivered,2018-03-07 22:26,2018-03-13,FUR-FU-10001967,Black,Furniture,IL-15100,Ivan Liston,VEN01
2988,290.898,3,0.4,-67.8762,CA-2016-139269,2018-05-23 20:01:00,delivered,2018-06-04 22:38,2018-06-29,TEC-PH-10003645,Black,Technology,JB-16045,Julia Barnett,VEN01
1022,54.224,2,0.2,3.389,CA-2015-124450,2018-05-04 18:57:00,delivered,2018-05-14 23:42,2018-06-14,OFF-ST-10000675,Blue,Office Supplies,GT-14710,Greg Tran,VEN05
8232,786.744,4,0.3,-258.5016,CA-2016-162355,2017-06-05 22:54:00,delivered,2017-06-14 17:30,2017-07-06,FUR-CH-10003312,Blue,Furniture,PF-19165,Philip Fox,VEN01
1626,100.24,10,0.2,33.831,CA-2015-157084,2018-08-06 14:38:00,delivered,2018-08-14 20:18,2018-08-16,OFF-LA-10001074,Blue,Office Supplies,JG-15160,James Galang,VEN02
4890,37.764,6,0.7,-27.6936,CA-2016-163167,2018-07-27 19:38:00,delivered,2018-08-04 13:12,2018-08-28,OFF-BI-10001524,Blue,Office Supplies,RF-19345,Randy Ferguson,VEN04
7066,82.8,2,0.4,-20.7,CA-2014-106726,2018-01-05 09:27:00,delivered,2018-01-16 17:03,2018-01-30,TEC-PH-10004614,Blue,Technology,RS-19765,Roland Schwarz,VEN05
4391,20.724,2,0.7,-13.816,CA-2017-111556,2017-09-12 17:00:00,delivered,2017-09-18 10:52,2017-09-28,OFF-BI-10001153,Blue,Office Supplies,CD-11920,Carlos Daly,VEN03
3733,4.896,3,0.7,-3.4272,CA-2015-109575,2018-07-24 01:08:00,delivered,2018-07-31 17:38,2018-08-16,OFF-BI-10001982,Pink,Office Supplies,KH-16630,Ken Heidel,VEN05
5632,4.752,1,0.2,1.6038,CA-2014-127614,2017-08-08 09:53:00,delivered,2017-08-16 15:45,2017-08-30,OFF-BI-10001922,Blue,Office Supplies,NF-18385,Natalie Fritzler,VEN05
8181,959.984,2,0.2,335.9944,CA-2015-119879,2018-03-30 14:45:00,delivered,2018-04-18 19:51,2018-04-30,TEC-CO-10001449,Blue,Technology,SS-20410,Shahid Shariari,VEN01
1644,14.368,4,0.2,4.49,CA-2015-111829,2017-10-31 14:30:00,delivered,2017-11-16 22:36,2017-11-24,OFF-BI-10004140,Blue,Office Supplies,FH-14365,Fred Hopkins,VEN04
6505,7.712,2,0.2,2.7956,CA-2017-128265,2017-09-11 12:58:00,delivered,2017-10-03 21:18,2017-09-27,OFF-BI-10003314,Black,Office Supplies,VW-21775,Victoria Wilson,VEN02
1837,698.352,3,0.2,-17.4588,CA-2017-122693,2018-07-03 14:15:00,delivered,2018-07-11 18:32,2018-07-30,FUR-TA-10004575,Pink,Furniture,NH-18610,Nicole Hansen,VEN01
881,4.96,4,0.0,2.3312,CA-2017-111689,2018-05-02 20:22:00,delivered,2018-05-09 20:03,2018-05-22,OFF-FA-10000490,Pink,Office Supplies,HP-14815,Harold Pawlan,VEN05
820,17.856,4,0.2,1.116,CA-2014-140858,2017-06-29 13:06:00,delivered,2017-07-06 13:51,2017-07-19,OFF-AR-10000122,Pink,Office Supplies,CA-12775,Cynthia Arntzen,VEN05
8782,509.97,10,0.7,-407.976,CA-2015-133585,2018-06-21 22:20:00,delivered,2018-06-29 17:12,2018-07-30,OFF-BI-10003656,Blue,Office Supplies,CM-12715,Craig Molinari,VEN03
4116,30.992,13,0.2,10.0724,CA-2016-163573,2018-05-02 14:52:00,delivered,2018-05-10 18:45,2018-05-25,OFF-FA-10002780,Blue,Office Supplies,AC-10450,Amy Cox,VEN05
2610,71.928,12,0.4,8.3916,CA-2014-127446,2018-01-13 21:13:00,delivered,2018-02-06 17:28,2018-02-15,TEC-PH-10000702,Pink,Technology,MC-17590,Matt Collister,VEN03
1583,88.8,4,0.2,-2.22,CA-2015-131338,2018-04-30 20:09:00,delivered,2018-05-11 16:56,2018-05-18,OFF-ST-10000107,Pink,Office Supplies,NP-18325,Naresj Patel,VEN03
8833,47.976,3,0.2,4.7976,CA-2015-153423,2017-09-18 15:41:00,delivered,2017-09-25 21:33,2017-09-28,TEC-PH-10002293,Blue,Technology,SW-20455,Shaun Weien,VEN03
5927,7.56,3,0.0,3.0996,US-2014-118997,2017-04-10 07:58:00,delivered,2017-04-20 12:41,2017-05-04,OFF-AR-10004027,Pink,Office Supplies,RA-19885,Ruben Ausman,VEN03
5150,24.56,2,0.0,11.5432,CA-2014-141796,2017-06-01 00:05:00,delivered,2017-06-08 13:03,2017-06-28,OFF-PA-10000249,Blue,Office Supplies,JG-15160,James Galang,VEN03
2258,12.96,2,0.0,4.1472,CA-2017-105214,2018-02-07 10:16:00,delivered,2018-02-15 18:13,2018-03-06,OFF-AR-10001374,Blue,Office Supplies,TS-21610,Troy Staebel,VEN03
9429,6.79,1,0.0,2.3086,CA-2014-152100,2018-08-18 12:18:00,delivered,2018-08-21 22:57,2018-08-24,TEC-AC-10000290,Blue,Technology,VW-21775,Victoria Wilson,VEN03
1487,24.56,2,0.0,11.5432,CA-2015-140410,2018-08-20 20:31:00,delivered,2018-08-27 17:30,2018-09-05,OFF-PA-10001970,Blue,Office Supplies,CM-12655,Corinna Mitchell,VEN04
7633,3.048,1,0.2,1.0668,US-2017-158526,2017-04-01 12:40:00,delivered,2017-04-04 15:40,2017-04-24,OFF-BI-10002160,Blue,Office Supplies,KH-16360,Katherine Hughes,VEN02
3485,49.12,4,0.0,23.0864,CA-2014-124688,2017-11-29 08:33:00,invoiced,null,2017-12-20,OFF-PA-10001970,Blue,Office Supplies,CC-12610,Corey Catlett,VEN01
7698,4355.168,4,0.2,1415.4296,CA-2017-151799,2017-03-11 12:45:00,delivered,2017-03-27 12:56,2017-04-12,OFF-BI-10004995,Black,Office Supplies,BF-11170,Ben Ferrer,VEN02
754,388.704,6,0.2,-4.8588,CA-2016-110499,2018-06-06 12:17:00,delivered,2018-06-27 13:21,2018-07-16,FUR-BO-10002268,Blue,Furniture,YC-21895,Yoseph Carroll,VEN05
407,8.26,2,0.0,3.7996,CA-2017-117457,2018-08-10 13:22:00,delivered,2018-08-22 22:32,2018-09-17,OFF-EN-10001137,Blue,Office Supplies,KH-16510,Keith Herrera,VEN04
596,17.04,4,0.0,6.9864,CA-2014-131450,2018-08-03 10:42:00,delivered,2018-08-13 18:22,2018-08-29,OFF-AR-10002399,Blue,Office Supplies,LR-16915,Lena Radford,VEN05
4813,34.4,5,0.0,15.824,CA-2016-121370,2017-10-26 20:26:00,delivered,2017-11-07 18:21,2017-11-14,OFF-PA-10002713,Blue,Office Supplies,EB-14110,Eugene Barchas,VEN02
6063,36.24,5,0.2,11.325,CA-2015-111780,2018-03-31 17:37:00,delivered,2018-04-09 17:31,2018-04-23,OFF-PA-10002666,Blue,Office Supplies,RA-19285,Ralph Arnett,VEN05
910,647.84,8,0.0,168.4384,CA-2017-137596,2017-10-26 22:54:00,delivered,2017-10-31 21:28,2017-11-14,OFF-AP-10001124,Blue,Office Supplies,BE-11335,Bill Eplett,VEN01
6152,20.7,2,0.0,9.936,CA-2014-111871,2017-08-14 19:45:00,delivered,2017-09-05 12:55,2017-09-05,OFF-LA-10001158,Blue,Office Supplies,EK-13795,Eileen Kiefer,VEN05
7459,20.7,2,0.0,9.936,CA-2015-137974,2017-10-12 23:11:00,delivered,2017-10-26 19:09,2017-11-01,OFF-LA-10001158,Blue,Office Supplies,LL-16840,Lauren Leatherbury,VEN03
5652,488.646,3,0.1,86.8704,CA-2017-142342,2018-08-06 16:56:00,delivered,2018-08-16 16:56,2018-09-10,FUR-CH-10000785,Blue,Furniture,AJ-10795,Anthony Johnson,VEN04
216,5.56,2,0.0,1.4456,CA-2015-146262,2018-07-29 21:02:00,delivered,2018-07-31 22:16,2018-08-24,OFF-AR-10003732,Blue,Office Supplies,VW-21775,Victoria Wilson,VEN05
7841,47.12,8,0.0,20.7328,US-2014-137869,2017-05-04 15:27:00,delivered,2017-05-11 14:29,2017-05-29,FUR-FU-10000023,Pink,Furniture,CV-12295,Christina VanderZanden,VEN03
3588,211.96,4,0.0,8.4784,CA-2017-121839,2017-08-21 00:05:00,delivered,2017-08-25 21:21,2017-09-18,OFF-ST-10001713,Black,Office Supplies,MH-18115,Mick Hernandez,VEN04
991,23.2,4,0.0,10.44,CA-2015-153549,2017-12-02 11:20:00,delivered,2018-01-04 23:13,2018-01-02,OFF-BI-10002412,Black,Office Supplies,SL-20155,Sara Luxemburg,VEN03
6271,7.36,2,0.0,0.1472,CA-2017-102379,2017-04-20 11:09:00,delivered,2017-05-04 22:46,2017-05-31,OFF-SU-10001225,Black,Office Supplies,BB-11545,Brenda Bowman,VEN03
5772,104.79,7,0.0,29.3412,CA-2015-103835,2017-05-31 17:45:00,delivered,2017-06-08 08:42,2017-06-13,OFF-ST-10002406,Black,Office Supplies,SC-20440,Shaun Chance,VEN02
6989,1043.92,4,0.0,271.4192,CA-2017-158561,2018-06-28 00:27:00,delivered,2018-07-05 22:17,2018-07-17,FUR-BO-10002545,Blue,Furniture,BB-11545,Brenda Bowman,VEN03
2221,25.92,5,0.2,9.396,CA-2017-130841,2018-07-13 14:29:00,delivered,2018-07-20 16:51,2018-08-02,OFF-PA-10002036,Black,Office Supplies,MH-17620,Matt Hagelstein,VEN03
1250,53.424,3,0.2,4.6746,CA-2017-115602,2018-03-27 09:08:00,delivered,2018-04-09 23:31,2018-04-18,OFF-ST-10002205,Black,Office Supplies,DJ-13630,Doug Jacobs,VEN02
870,8.16,5,0.7,-5.712,CA-2016-158099,2018-03-21 12:27:00,delivered,2018-04-02 19:35,2018-04-09,OFF-BI-10001982,Pink,Office Supplies,PK-18910,Paul Knutson,VEN03
2841,1023.936,8,0.2,179.1888,US-2014-125521,2017-02-03 22:33:00,delivered,2017-02-15 18:55,2017-03-02,TEC-AC-10003911,Pink,Technology,CK-12325,Christine Kargatis,VEN05
2484,9.24,1,0.2,0.924,CA-2017-126067,2018-02-19 23:10:00,delivered,2018-03-05 18:51,2018-03-28,OFF-AR-10000658,Pink,Office Supplies,KN-16705,Kristina Nunn,VEN05
5867,479.04,10,0.2,-29.94,US-2014-117968,2017-05-23 16:37:00,delivered,2017-06-02 13:29,2017-06-22,TEC-AC-10002076,Pink,Technology,RS-19420,Ricardo Sperren,VEN05
8784,99.136,4,0.2,30.98,CA-2016-116911,2018-02-03 13:54:00,delivered,2018-02-19 13:27,2018-03-14,OFF-PA-10003039,Pink,Office Supplies,JD-16150,Justin Deggeller,VEN02
1828,1488.424,7,0.3,-297.6848,CA-2016-109344,2018-01-29 19:55:00,delivered,2018-02-01 18:12,2018-02-14,FUR-TA-10004915,Pink,Furniture,CH-12070,Cathy Hwang,VEN05
519,8.652,3,0.8,-20.3322,CA-2017-127432,2018-08-15 08:53:00,delivered,2018-08-24 17:31,2018-08-30,OFF-AP-10000696,Pink,Office Supplies,AD-10180,Alan Dominguez,VEN05
4889,23.832,3,0.2,2.6811,CA-2016-163167,2018-07-27 19:38:00,delivered,2018-08-04 13:12,2018-08-28,OFF-ST-10003327,Blue,Office Supplies,RF-19345,Randy Ferguson,VEN04
9566,12.176,4,0.8,-18.8728,CA-2014-130428,2017-04-21 00:11:00,delivered,2017-06-08 13:22,2017-06-02,OFF-BI-10000309,Blue,Office Supplies,TG-21640,Trudy Glocke,VEN04
3119,50.96,7,0.0,25.48,CA-2015-121720,2018-01-15 00:14:00,delivered,2018-01-24 20:18,2018-02-19,OFF-PA-10004734,Pink,Office Supplies,JE-15610,Jim Epp,VEN01
9144,49.536,3,0.2,17.3376,US-2017-166688,2017-10-20 14:22:00,delivered,2017-11-06 21:24,2017-11-09,OFF-BI-10002225,Pink,Office Supplies,RD-19480,Rick Duston,VEN04
552,41.9,2,0.0,8.799,CA-2016-136406,2017-09-24 00:02:00,delivered,2017-10-03 14:43,2017-10-18,TEC-AC-10004708,Pink,Technology,BD-11320,Bill Donatelli,VEN04
2274,375.4575,3,0.45,-157.0095,CA-2015-142944,2017-10-11 16:41:00,delivered,2017-10-30 15:33,2017-11-03,FUR-TA-10000617,Pink,Furniture,JL-15850,John Lucas,VEN03
8936,83.976,3,0.2,-1.0497,CA-2017-130036,2017-02-17 17:37:00,delivered,2017-03-10 13:06,2017-03-24,TEC-AC-10002335,Pink,Technology,BP-11185,Ben Peterman,VEN01
2511,482.34,4,0.7,-337.638,CA-2016-136812,2018-08-13 22:38:00,delivered,2018-08-30 09:26,2018-08-31,TEC-MA-10001681,Blue,Technology,AW-10930,Arthur Wiediger,VEN01
4727,2.96,1,0.2,0.777,CA-2014-119151,2017-12-01 11:01:00,delivered,2017-12-11 18:09,2017-12-29,FUR-FU-10001935,Blue,Furniture,MP-18175,Mike Pelletier,VEN02
4897,2.624,1,0.2,0.4264,CA-2016-135776,2018-02-13 17:53:00,delivered,2018-03-09 23:32,2018-03-12,OFF-AR-10004757,Blue,Office Supplies,EH-13765,Edward Hooks,VEN02
6688,23.36,4,0.2,7.884,CA-2015-165162,2017-04-20 15:49:00,delivered,2017-05-05 13:44,2017-05-18,OFF-BI-10000050,Blue,Office Supplies,HG-15025,Hunter Glantz,VEN05
2405,39.98,2,0.0,13.5932,CA-2017-108574,2018-04-05 14:08:00,delivered,2018-04-13 16:51,2018-05-04,TEC-AC-10001998,Black,Technology,MG-18145,Mike Gockenbach,VEN04
9060,246.384,2,0.2,27.7182,CA-2016-132304,2018-04-07 14:48:00,delivered,2018-04-13 15:54,2018-04-25,TEC-PH-10003012,Blue,Technology,AR-10825,Anthony Rawles,VEN01
282,1799.97,3,0.0,701.9883,US-2015-161991,2018-01-08 20:48:00,delivered,2018-01-12 14:54,2018-01-24,TEC-CO-10002313,Black,Technology,SC-20725,Steven Cartwright,VEN05
943,12.462,3,0.8,-20.5623,CA-2016-142958,2017-04-19 12:17:00,shipped,null,2017-05-11,OFF-BI-10003982,Black,Office Supplies,RW-19630,Rob Williams,VEN01
1049,75.792,3,0.2,25.5798,CA-2014-139192,2018-02-03 13:38:00,delivered,2018-02-14 22:06,2018-03-06,OFF-BI-10004492,Black,Office Supplies,LC-16885,Lena Creighton,VEN04
68,49.96,2,0.0,9.4924,CA-2014-106376,2018-05-16 10:55:00,delivered,2018-05-23 22:36,2018-05-25,OFF-ST-10000798,Black,Office Supplies,BS-11590,Brendan Sweed,VEN05
9173,12.96,2,0.0,6.2208,US-2016-155768,2018-08-23 18:10:00,delivered,2018-08-29 16:53,2018-09-04,OFF-PA-10002552,Blue,Office Supplies,LB-16795,Laurel Beltran,VEN05
1082,70.12,4,0.0,21.036,CA-2015-110016,2018-03-14 09:36:00,delivered,2018-03-23 17:38,2018-04-05,OFF-SU-10002573,Blue,Office Supplies,BT-11395,Bill Tyler,VEN03
4284,35.952,3,0.2,3.5952,CA-2014-103100,2018-08-15 09:38:00,delivered,2018-08-22 21:13,2018-09-12,OFF-ST-10001580,Blue,Office Supplies,AB-10105,Adrian Barton,VEN02
2477,2396.2656,4,0.32,-317.1528,CA-2016-114972,2018-07-23 08:06:00,delivered,2018-07-27 18:58,2018-08-06,FUR-BO-10004834,Pink,Furniture,PF-19225,Phillip Flathmann,VEN02
1253,131.136,4,0.2,-32.784,CA-2015-154956,2017-04-30 11:21:00,delivered,2017-05-10 13:35,2017-05-23,OFF-ST-10000934,Blue,Office Supplies,IM-15070,Irene Maddox,VEN02
9430,57.584,2,0.2,0.7198,CA-2015-166219,2018-06-05 16:09:00,delivered,2018-07-03 18:02,2018-08-07,TEC-AC-10000158,Blue,Technology,BP-11185,Ben Peterman,VEN04
5926,9.568,2,0.2,3.4684,CA-2017-150420,2017-11-24 12:18:00,delivered,2017-11-29 22:03,2017-12-11,OFF-PA-10001947,Black,Office Supplies,GD-14590,Giulietta Dortch,VEN02
36,39.072,6,0.2,9.768,CA-2016-117590,2017-07-01 15:47:00,delivered,2017-08-24 18:35,2017-10-19,OFF-AR-10003478,Black,Office Supplies,GH-14485,Gene Hale,VEN02
9505,35.91,3,0.0,9.6957,CA-2016-113607,2018-06-11 17:50:00,delivered,2018-06-18 16:03,2018-06-28,OFF-AP-10004249,Blue,Office Supplies,PW-19030,Pauline Webber,VEN05
3392,179.95,5,0.0,37.7895,CA-2014-166471,2018-01-08 14:36:00,delivered,2018-01-15 16:25,2018-02-14,TEC-AC-10000158,Blue,Technology,MG-17650,Matthew Grinstein,VEN01
9235,1199.976,3,0.2,434.9913,CA-2016-126732,2018-03-07 17:48:00,delivered,2018-03-20 14:03,2018-04-06,TEC-CO-10004115,Blue,Technology,LR-16915,Lena Radford,VEN02
1003,27.15,5,0.0,13.3035,CA-2015-124891,2018-02-05 09:24:00,delivered,2018-02-21 20:25,2018-03-01,OFF-PA-10003724,Blue,Office Supplies,RH-19495,Rick Hansen,VEN03
1376,1004.024,7,0.2,-112.9527,CA-2014-126361,2018-07-05 15:59:00,delivered,2018-07-13 00:38,2018-07-24,FUR-TA-10002041,Blue,Furniture,VD-21670,Valerie Dominguez,VEN02
5729,9.68,1,0.0,4.6464,CA-2017-117324,2017-03-22 16:58:00,delivered,2017-03-27 12:59,2017-04-12,OFF-PA-10002893,Blue,Office Supplies,JP-15520,Jeremy Pistek,VEN05
1200,28.35,9,0.0,13.608,CA-2016-130946,2018-01-29 13:35:00,delivered,2018-02-10 16:30,2018-03-02,OFF-LA-10003766,White,Office Supplies,ZC-21910,Zuschuss Carroll,VEN03
2819,55.98,1,0.0,27.4302,CA-2015-104626,2017-11-12 13:38:00,delivered,2017-11-18 14:44,2017-12-01,OFF-PA-10001970,Blue,Office Supplies,DR-12940,Daniel Raglin,VEN03
9926,1336.829,13,0.15,31.4548,CA-2015-159534,2017-08-08 21:31:00,delivered,2017-08-16 19:37,2017-09-05,FUR-BO-10001972,White,Furniture,DH-13075,Dave Hallsten,VEN01
3787,113.568,2,0.2,-18.4548,CA-2016-144218,2018-08-17 11:58:00,delivered,2018-08-24 12:03,2018-09-12,FUR-CH-10003956,White,Furniture,JD-15895,Jonathan Doherty,VEN05
8275,139.86,7,0.0,65.7342,CA-2017-164112,2017-11-04 19:27:00,delivered,2017-11-14 16:14,2017-12-06,OFF-PA-10000157,White,Office Supplies,ND-18460,Neil Ducich,VEN04
9867,307.136,4,0.2,26.8744,US-2015-116981,2017-12-02 10:43:00,delivered,2018-01-18 23:05,2018-01-03,FUR-CH-10001891,Blue,Furniture,SM-20950,Suzanne McNair,VEN05
300,95.92,8,0.0,25.8984,CA-2016-142545,2018-02-16 14:27:00,delivered,2018-02-26 20:43,2018-03-08,OFF-AR-10004344,Blue,Office Supplies,JD-15895,Jonathan Doherty,VEN03
9713,383.8,5,0.2,38.38,CA-2014-114251,2018-05-07 23:06:00,delivered,2018-05-14 23:46,2018-05-22,FUR-CH-10004886,Blue,Furniture,MD-17350,Maribeth Dona,VEN03
8124,5.78,1,0.0,2.8322,CA-2014-138128,2018-04-13 12:02:00,delivered,2018-05-15 13:19,2018-05-16,OFF-PA-10003845,Blue,Office Supplies,FP-14320,Frank Preis,VEN03
9579,9.32,4,0.0,2.7028,CA-2017-152975,2017-10-11 19:36:00,delivered,2017-10-16 12:37,2017-10-24,OFF-AR-10001573,Blue,Office Supplies,RB-19705,Roger Barcio,VEN03
9289,15.25,1,0.0,7.015,US-2017-165456,2018-06-01 11:01:00,delivered,2018-06-12 01:12,2018-07-04,OFF-EN-10000483,Blue,Office Supplies,TB-21625,Trudy Brown,VEN02
2794,196.752,6,0.2,56.5662,CA-2014-154599,2017-03-10 10:05:00,delivered,2017-03-22 14:47,2017-04-03,TEC-AC-10004114,Blue,Technology,KN-16450,Kean Nguyen,VEN01
2359,56.56,4,0.0,14.7056,US-2014-148838,2018-04-27 00:19:00,delivered,2018-05-04 18:46,2018-05-28,FUR-FU-10004712,Black,Furniture,CP-12340,Christine Phan,VEN05
9408,32.7,3,0.0,8.502,CA-2017-162789,2018-02-20 10:29:00,delivered,2018-03-14 20:22,2018-03-15,OFF-ST-10000918,Blue,Office Supplies,LC-17140,Logan Currie,VEN04
1127,866.4,4,0.0,225.264,US-2014-147627,2018-08-15 11:37:00,delivered,2018-08-27 21:07,2018-08-30,FUR-CH-10000015,Blue,Furniture,HL-15040,Hunter Lopez,VEN04
6845,28.4,2,0.0,11.076,CA-2016-123946,2018-01-24 21:06:00,delivered,2018-03-02 01:49,2018-02-21,FUR-FU-10003347,Blue,Furniture,AJ-10795,Anthony Johnson,VEN04
3819,287.92,8,0.0,138.2016,CA-2015-102582,2018-01-15 17:51:00,delivered,2018-01-22 21:33,2018-02-05,OFF-BI-10001543,Blue,Office Supplies,NW-18400,Natalie Webber,VEN01
8555,69.99,1,0.0,30.0957,CA-2016-102092,2017-07-03 16:42:00,delivered,2017-08-01 21:10,2017-08-04,TEC-MA-10000029,Black,Technology,PM-18940,Paul MacIntyre,VEN02
7489,6.672,6,0.2,0.5004,US-2015-134558,2017-08-03 12:17:00,delivered,2017-08-10 19:22,2017-08-23,OFF-AR-10000369,Black,Office Supplies,PM-19135,Peter McVee,VEN02
3834,189.588,2,0.7,-145.3508,CA-2014-105984,2018-07-03 14:56:00,delivered,2018-07-09 19:24,2018-07-25,OFF-BI-10004584,Pink,Office Supplies,MY-18295,Muhammed Yedwab,VEN02
5684,408.744,7,0.2,76.6395,CA-2014-164315,2018-08-01 23:28:00,delivered,2018-08-08 19:48,2018-08-20,TEC-AC-10004659,Blue,Technology,RD-19585,Rob Dowd,VEN01
6576,291.96,5,0.2,54.7425,CA-2017-123085,2017-12-07 23:28:00,delivered,2018-01-04 16:54,2018-01-02,TEC-AC-10004659,Blue,Technology,EJ-13720,Ed Jacobs,VEN02
639,4.768,2,0.2,-0.7748,CA-2016-115917,2017-05-01 16:12:00,canceled,null,null,OFF-ST-10000617,Blue,Office Supplies,RB-19465,Rick Bensley,VEN01
4247,714.3,5,0.0,207.147,CA-2017-117702,2018-07-14 19:46:00,delivered,2018-07-23 19:48,2018-08-20,OFF-ST-10003306,Blue,Office Supplies,LS-16975,Lindsay Shagiari,VEN02
1728,4.812,2,0.7,-3.6892,US-2017-164056,2018-01-31 00:04:00,delivered,2018-02-05 21:21,2018-02-23,OFF-BI-10000773,Blue,Office Supplies,FM-14215,Filia McAdams,VEN01
25,247.8,5,0.2,-18.585,CA-2015-106320,2018-06-27 11:16:00,delivered,2018-06-29 17:39,2018-07-18,TEC-AC-10002600,Blue,Technology,EB-13870,Emily Burns,VEN04
1563,1007.979,3,0.3,43.1991,US-2017-102890,2018-01-18 10:55:00,delivered,2018-02-05 23:04,2018-02-19,TEC-MA-10002937,Black,Technology,SG-20470,Sheri Gordon,VEN02
370,313.488,7,0.2,113.6394,CA-2016-155516,2018-02-05 16:28:00,shipped,null,2018-03-05,OFF-PA-10001970,Blue,Office Supplies,MK-17905,Michael Kennedy,VEN05
5616,31.872,8,0.2,11.5536,CA-2016-158001,2017-06-02 09:40:00,delivered,2017-06-08 14:42,2017-06-23,OFF-PA-10002230,Blue,Office Supplies,JP-15460,Jennifer Patt,VEN01
6364,207.846,3,0.1,2.3094,CA-2017-110443,2018-07-15 07:56:00,delivered,2018-07-23 20:48,2018-07-30,FUR-CH-10003396,Blue,Furniture,CK-12205,Chloris Kastensmidt,VEN05
7770,12.22,1,0.0,3.666,CA-2016-155978,2018-02-18 15:56:00,delivered,2018-03-15 20:24,2018-03-14,FUR-FU-10000246,Pink,Furniture,TS-21205,Thomas Seio,VEN04
283,194.94,3,0.0,23.3928,CA-2015-130890,2017-06-08 14:04:00,delivered,2017-06-19 15:51,2017-06-29,OFF-ST-10000060,Pink,Office Supplies,JO-15280,Jas O'Carroll,VEN01
3125,70.95,3,0.0,20.5755,CA-2015-121720,2018-01-15 00:14:00,delivered,2018-01-24 20:18,2018-02-19,OFF-ST-10003058,Pink,Office Supplies,JE-15610,Jim Epp,VEN01
7456,91.36,4,0.0,42.0256,CA-2016-137743,2018-03-18 22:15:00,delivered,2018-03-23 00:38,2018-04-16,OFF-PA-10002222,Blue,Office Supplies,KH-16360,Katherine Hughes,VEN05
8478,242.94,3,0.0,29.1528,CA-2015-145758,2018-04-19 18:41:00,delivered,2018-04-24 22:14,2018-05-04,FUR-CH-10002372,Pink,Furniture,BF-11020,Barry Französisch,VEN04
55,22.05,7,0.0,10.584,CA-2016-105816,2017-10-12 02:31:00,delivered,2017-10-17 18:28,2017-10-25,OFF-LA-10001317,Pink,Office Supplies,JM-15265,Janet Molinari,VEN02
5395,2.91,1,0.0,1.3677,US-2014-123183,2017-08-09 15:35:00,delivered,2017-08-14 14:46,2017-08-23,FUR-FU-10000206,Blue,Furniture,GR-14560,Georgia Rosenberg,VEN03
1464,59.52,3,0.0,15.4752,CA-2016-152289,2018-05-15 13:36:00,delivered,2018-05-21 21:11,2018-06-05,OFF-AR-10000588,Pink,Office Supplies,LC-16930,Linda Cazamias,VEN05
1989,161.94,3,0.0,9.7164,CA-2015-127509,2018-06-21 21:08:00,delivered,2018-06-28 20:07,2018-07-16,OFF-ST-10001469,Pink,Office Supplies,AS-10090,Adam Shillingsburg,VEN05
374,263.88,6,0.0,71.2476,US-2014-119137,2018-07-30 12:14:00,delivered,2018-08-06 16:42,2018-08-13,OFF-AR-10001953,Pink,Office Supplies,AG-10900,Arthur Gainer,VEN03
9788,30.48,3,0.0,7.9248,CA-2017-144491,2018-08-13 21:51:00,delivered,2018-08-28 15:51,2018-08-30,OFF-AR-10003156,Pink,Office Supplies,CJ-12010,Caroline Jumper,VEN02
3045,9.84,3,0.0,2.8536,CA-2015-135174,2017-01-31 00:11:00,processing,null,2017-03-17,OFF-AR-10004974,Black,Office Supplies,BP-11230,Benjamin Patterson,VEN01
1670,35.12,4,0.0,9.1312,US-2015-157154,2017-12-12 22:10:00,delivered,2018-01-09 21:35,2018-01-16,TEC-PH-10002365,Blue,Technology,MM-17920,Michael Moore,VEN02
2240,284.364,2,0.4,-75.8304,CA-2016-146633,2017-12-18 12:10:00,delivered,2018-01-29 13:12,2018-01-22,FUR-TA-10001539,Blue,Furniture,TG-21310,Toby Gnade,VEN05
3769,665.408,2,0.2,66.5408,CA-2014-153913,2018-04-07 19:20:00,delivered,2018-05-05 17:43,2018-05-08,OFF-ST-10000142,Blue,Office Supplies,KB-16585,Ken Black,VEN05
2877,63.88,4,0.0,24.9132,US-2016-167339,2017-09-11 11:11:00,delivered,2017-09-15 15:22,2017-09-21,TEC-AC-10001772,Blue,Technology,TD-20995,Tamara Dahlen,VEN03
7082,129.568,2,0.2,-24.294,CA-2016-106950,2018-05-15 15:39:00,delivered,2018-06-14 23:28,2018-06-07,FUR-CH-10000225,Blue,Furniture,JE-15715,Joe Elijah,VEN03
437,747.558,3,0.3,-96.1146,CA-2016-147375,2018-06-01 19:28:00,delivered,2018-06-13 14:16,2018-07-11,FUR-CH-10002331,Blue,Furniture,PO-19180,Philisse Overcash,VEN04
6579,8.928,2,0.2,3.348,CA-2014-103660,2018-04-20 11:04:00,delivered,2018-04-25 18:08,2018-05-10,OFF-EN-10001415,Blue,Office Supplies,MW-18220,Mitch Webber,VEN03
949,103.92,4,0.0,36.372,US-2017-110576,2018-05-04 09:02:00,delivered,2018-05-19 12:48,2018-06-08,OFF-AP-10002472,Blue,Office Supplies,RB-19795,Ross Baird,VEN02
1631,899.91,9,0.0,377.9622,CA-2016-106530,2017-08-01 19:11:00,delivered,2017-08-14 18:16,2017-08-23,TEC-AC-10004571,Blue,Technology,CL-12565,Clay Ludtke,VEN01
1506,51.312,3,0.2,18.6006,CA-2015-153388,2018-06-06 20:41:00,delivered,2018-06-14 19:58,2018-07-12,OFF-BI-10001098,Blue,Office Supplies,PC-19000,Pauline Chand,VEN04
409,23.56,5,0.2,7.068,CA-2017-117457,2018-08-10 13:22:00,delivered,2018-08-22 22:32,2018-09-17,FUR-FU-10000023,Pink,Furniture,KH-16510,Keith Herrera,VEN04
2482,1272.63,6,0.5,-814.4832,CA-2017-147956,2018-08-03 16:13:00,delivered,2018-08-13 14:38,2018-08-16,FUR-TA-10001889,Blue,Furniture,AH-10210,Alan Hwang,VEN01
5157,28.485,5,0.7,-20.889,CA-2017-163006,2018-05-15 22:30:00,delivered,2018-06-06 15:52,2018-06-06,OFF-BI-10000315,Blue,Office Supplies,GH-14410,Gary Hansen,VEN02
6908,185.376,2,0.2,-34.758,CA-2016-140249,2018-02-07 09:19:00,delivered,2018-02-16 18:45,2018-02-23,OFF-SU-10003505,Blue,Office Supplies,SW-20455,Shaun Weien,VEN05
1614,78.272,2,0.2,5.8704,CA-2017-138380,2018-03-02 15:01:00,delivered,2018-03-16 19:03,2018-03-23,OFF-AP-10002578,Blue,Office Supplies,YS-21880,Yana Sorensen,VEN02
6211,254.744,7,0.6,-312.0614,CA-2017-119809,2018-08-19 21:37:00,delivered,2018-08-28 00:29,2018-09-06,FUR-FU-10002918,Blue,Furniture,YS-21880,Yana Sorensen,VEN02
4073,205.3328,2,0.32,-36.2352,CA-2015-156104,2018-06-25 10:43:00,delivered,2018-06-26 11:18,2018-07-05,FUR-BO-10002824,Blue,Furniture,NP-18685,Nora Pelletier,VEN03
8179,4.788,3,0.8,-7.9002,CA-2016-166429,2017-09-27 20:51:00,unavailable,null,2017-10-24,OFF-BI-10002194,Blue,Office Supplies,TG-21310,Toby Gnade,VEN03
2814,55.48,1,0.0,26.6304,CA-2015-135685,2018-08-18 18:56:00,delivered,2018-08-28 14:58,2018-09-10,OFF-PA-10004071,Blue,Office Supplies,MP-18175,Mike Pelletier,VEN04
660,340.92,3,0.0,3.4092,CA-2015-146563,2018-03-15 12:40:00,delivered,2018-03-26 15:04,2018-04-04,OFF-ST-10002743,Blue,Office Supplies,CB-12025,Cassandra Brandow,VEN03
8573,222.666,2,0.15,10.4784,CA-2014-121629,2017-07-17 12:03:00,delivered,2017-07-31 14:56,2017-08-11,FUR-BO-10001601,Blue,Furniture,BT-11680,Brian Thompson,VEN02
9943,703.968,4,0.2,87.996,CA-2014-143371,2018-02-13 10:20:00,delivered,2018-03-09 19:39,2018-03-19,TEC-PH-10002680,Black,Technology,MD-17350,Maribeth Dona,VEN01
2142,92.52,6,0.0,24.9804,CA-2014-159520,2018-02-11 23:05:00,delivered,2018-02-19 12:34,2018-03-01,OFF-ST-10001321,Blue,Office Supplies,GT-14635,Grant Thornton,VEN02
3824,62.65,7,0.0,28.819,CA-2015-140984,2017-09-13 17:53:00,delivered,2017-10-03 21:13,2017-10-16,OFF-PA-10001509,Blue,Office Supplies,CC-12685,Craig Carroll,VEN03
7251,94.85,5,0.0,45.528,CA-2015-158491,2018-04-19 16:12:00,delivered,2018-04-24 13:33,2018-05-14,OFF-PA-10003465,Pink,Office Supplies,BP-11155,Becky Pak,VEN02
3078,95.76,6,0.2,7.182,CA-2014-143903,2018-07-09 11:28:00,delivered,2018-07-12 23:15,2018-07-26,TEC-PH-10000149,Pink,Technology,KM-16375,Katherine Murray,VEN01
534,40.2,3,0.0,19.296,CA-2016-168753,2017-12-14 21:06:00,delivered,2017-12-27 16:49,2018-01-10,FUR-FU-10002671,Blue,Furniture,RL-19615,Rob Lucas,VEN03
1586,14.7,5,0.0,6.615,CA-2015-131338,2018-04-30 20:09:00,delivered,2018-05-11 16:56,2018-05-18,OFF-AR-10003045,Pink,Office Supplies,NP-18325,Naresj Patel,VEN03
7320,704.25,5,0.0,84.51,CA-2017-100097,2018-03-22 10:10:00,delivered,2018-04-05 17:40,2018-04-13,OFF-ST-10000689,Black,Office Supplies,MN-17935,Michael Nguyen,VEN01
9728,9.09,3,0.0,1.9089,CA-2017-167395,2018-05-16 15:46:00,delivered,2018-06-05 17:56,2018-06-07,TEC-AC-10001445,Blue,Technology,KM-16720,Kunst Miller,VEN03
4069,5.96,2,0.0,1.6688,CA-2014-102673,2018-06-24 14:58:00,delivered,2018-07-05 23:07,2018-07-19,OFF-AR-10002053,Black,Office Supplies,KH-16630,Ken Heidel,VEN01
1493,159.98,2,0.0,57.5928,CA-2017-166436,2018-01-06 20:12:00,delivered,2018-01-24 19:34,2018-02-02,TEC-AC-10002567,Blue,Technology,TS-21370,Todd Sumrall,VEN03
4851,29.6,2,0.0,14.8,CA-2014-107818,2018-05-01 13:30:00,delivered,2018-05-10 20:44,2018-05-25,OFF-LA-10003923,Blue,Office Supplies,MC-17275,Marc Crier,VEN04
4881,514.165,5,0.15,-30.245,CA-2017-143567,2018-03-08 19:03:00,delivered,2018-03-29 19:21,2018-03-27,FUR-BO-10001337,Blue,Furniture,TB-21175,Thomas Boland,VEN05
6439,279.96,5,0.2,17.4975,US-2017-113992,2018-02-21 16:38:00,delivered,2018-03-23 20:56,2018-03-15,TEC-PH-10001924,Black,Technology,LC-16885,Lena Creighton,VEN03
7150,2735.952,6,0.2,341.994,CA-2015-166583,2017-05-25 10:27:00,delivered,2017-06-02 15:18,2017-06-21,TEC-PH-10001363,Blue,Technology,VD-21670,Valerie Dominguez,VEN02
4402,7.992,1,0.2,0.5994,CA-2016-131737,2017-04-23 16:37:00,delivered,2017-05-10 16:11,2017-05-23,TEC-PH-10000376,Blue,Technology,GZ-14470,Gary Zandusky,VEN01
8569,63.984,2,0.2,10.3974,CA-2016-162390,2017-07-03 14:52:00,delivered,2017-07-10 18:13,2017-07-31,TEC-AC-10000303,Pink,Technology,DP-13105,Dave Poirier,VEN05
5291,70.368,2,0.2,6.1572,CA-2014-146283,2017-10-17 09:04:00,delivered,2017-10-24 19:53,2017-11-09,OFF-AR-10001953,Pink,Office Supplies,KT-16465,Kean Takahito,VEN05
4442,449.15,5,0.0,8.983,US-2016-111290,2017-06-25 16:16:00,delivered,2017-06-28 16:16,2017-07-07,OFF-ST-10001809,Pink,Office Supplies,DK-13375,Dennis Kane,VEN02
3146,11.07,3,0.0,5.0922,CA-2017-131828,2018-02-08 18:37:00,delivered,2018-02-21 14:44,2018-03-02,OFF-EN-10003845,Blue,Office Supplies,CS-11845,Cari Sayre,VEN01
6487,93.98,2,0.0,13.1572,CA-2015-120621,2018-02-01 08:52:00,delivered,2018-02-16 15:35,2018-02-23,TEC-AC-10000991,Pink,Technology,JW-16075,Julia West,VEN01
289,189.882,3,0.4,-94.941,CA-2016-112697,2018-06-13 16:07:00,delivered,2018-06-25 22:05,2018-07-18,FUR-TA-10001857,Pink,Furniture,AH-10195,Alan Haines,VEN01
336,105.42,2,0.0,51.6558,CA-2015-137946,2018-03-16 10:34:00,delivered,2018-03-26 20:57,2018-04-11,OFF-EN-10001434,Pink,Office Supplies,DB-13615,Doug Bickford,VEN05
5569,119.616,8,0.2,40.3704,CA-2017-157966,2018-03-08 15:59:00,delivered,2018-03-23 17:53,2018-04-13,OFF-BI-10002498,Pink,Office Supplies,SU-20665,Stephanie Ulpright,VEN01
8821,255.76,4,0.0,81.8432,CA-2017-100622,2018-03-01 21:16:00,delivered,2018-03-21 22:03,2018-03-28,FUR-FU-10004864,Pink,Furniture,DK-13090,Dave Kipp,VEN05
2898,241.568,2,0.2,18.1176,US-2016-164630,2018-03-15 18:39:00,delivered,2018-03-17 15:26,2018-03-27,FUR-CH-10002602,Pink,Furniture,EB-13975,Erica Bern,VEN05
